city,local_date,shortwave_radiation_sum_mj_m2,daylight_seconds,sunshine_seconds
Barranquilla,2025-01-01,18.64,41432.67,39899.84
Barranquilla,2025-01-02,19.18,41442.09,38354.35
Barranquilla,2025-01-03,19.22,41452.24,36646.2
Barranquilla,2025-01-04,14.78,41463.11,34189.68
Barranquilla,2025-01-05,15.88,41474.68,35403.82
Barranquilla,2025-01-06,17.29,41486.94,40523.68
Barranquilla,2025-01-07,18.55,41499.95,40306.01
Barranquilla,2025-01-08,20.03,41513.82,40851.35
Barranquilla,2025-01-09,20.57,41528.54,40887.35
Barranquilla,2025-01-10,21.97,41544.1,40922.95
Barranquilla,2025-01-11,21.36,41560.43,40958.13
Barranquilla,2025-01-12,21.9,41577.52,40739.73
Barranquilla,2025-01-13,21.12,41595.34,40774.15
Barranquilla,2025-01-14,19.55,41613.86,40303.21
Barranquilla,2025-01-15,21.15,41633.04,40588.97
Barranquilla,2025-01-16,20.35,41652.86,39866.73
Barranquilla,2025-01-17,21.28,41673.3,40653.44
Barranquilla,2025-01-18,20.93,41694.3,40684.37
Barranquilla,2025-01-19,17.22,41715.85,39962.77
Barranquilla,2025-01-20,19.61,41737.92,40493.13
Barranquilla,2025-01-21,20.41,41760.48,40271.57
Barranquilla,2025-01-22,22.32,41783.5,40797.74
Barranquilla,2025-01-23,22.27,41806.95,40823.15
Barranquilla,2025-01-24,22.32,41830.79,40598.65
Barranquilla,2025-01-25,20.78,41855.03,40373.57
Barranquilla,2025-01-26,20.55,41879.6,40643.46
Barranquilla,2025-01-27,22.89,41904.6,40911.24
Barranquilla,2025-01-28,21.87,41930.25,40930.11
Barranquilla,2025-01-29,19.96,41956.54,39498.68
Barranquilla,2025-01-30,20.51,41983.43,40471.9
Barranquilla,2025-01-31,20.69,42010.89,40734.08
Barranquilla,2025-02-01,22.15,42038.86,40258.03
Barranquilla,2025-02-02,21.13,42067.33,40027.58
Barranquilla,2025-02-03,21.6,42096.26,40523.54
Barranquilla,2025-02-04,21.2,42125.62,39708.35
Barranquilla,2025-02-05,20.8,42155.36,40263.31
Barranquilla,2025-02-06,21.62,42185.45,40985.28
Barranquilla,2025-02-07,21.15,42215.87,40732.17
Barranquilla,2025-02-08,21.55,42246.57,39994.01
Barranquilla,2025-02-09,20.44,42277.53,39600.0
Barranquilla,2025-02-10,21.96,42308.72,40701.01
Barranquilla,2025-02-11,21.47,42340.09,40269.24
Barranquilla,2025-02-12,20.62,42371.63,39954.86
Barranquilla,2025-02-13,23.25,42403.3,41389.62
Barranquilla,2025-02-14,21.43,42435.06,40895.57
Barranquilla,2025-02-15,22.34,42466.9,40883.04
Barranquilla,2025-02-16,23.47,42498.89,41589.96
Barranquilla,2025-02-17,22.33,42531.28,41575.72
Barranquilla,2025-02-18,21.89,42564.06,41800.26
Barranquilla,2025-02-19,22.05,42597.21,41306.85
Barranquilla,2025-02-20,21.64,42630.7,41052.88
Barranquilla,2025-02-21,22.01,42664.49,41275.88
Barranquilla,2025-02-22,22.85,42698.55,41736.03
Barranquilla,2025-02-23,23.41,42732.85,42020.3
Barranquilla,2025-02-24,20.95,42767.37,41955.6
Barranquilla,2025-02-25,21.08,42802.08,41210.13
Barranquilla,2025-02-26,17.59,42836.94,39292.66
Barranquilla,2025-02-27,22.02,42871.93,41412.73
Barranquilla,2025-02-28,22.19,42907.01,41395.18
Barranquilla,2025-03-01,21.68,42942.18,40432.15
Barranquilla,2025-03-02,23.01,42977.38,42220.09
Barranquilla,2025-03-03,22.32,43012.6,40398.39
Barranquilla,2025-03-04,23.35,43047.82,42280.95
Barranquilla,2025-03-05,22.91,43082.99,42311.71
Barranquilla,2025-03-06,23.24,43118.1,40347.64
Barranquilla,2025-03-07,18.0,43153.12,40801.39
Barranquilla,2025-03-08,23.11,43188.11,42404.63
Barranquilla,2025-03-09,24.1,43223.33,42436.45
Barranquilla,2025-03-10,24.25,43258.78,42469.05
Barranquilla,2025-03-11,24.7,43294.41,42502.37
Barranquilla,2025-03-12,22.73,43330.21,42536.32
Barranquilla,2025-03-13,22.77,43366.17,42570.84
Barranquilla,2025-03-14,22.87,43402.24,42058.2
Barranquilla,2025-03-15,19.43,43438.4,41831.05
Barranquilla,2025-03-16,23.66,43474.65,42677.07
Barranquilla,2025-03-17,21.3,43510.93,35868.61
Barranquilla,2025-03-18,17.75,43547.24,37436.08
Barranquilla,2025-03-19,23.51,43583.56,42785.8
Barranquilla,2025-03-20,24.71,43619.85,42822.26
Barranquilla,2025-03-21,20.91,43656.08,42858.71
Barranquilla,2025-03-22,23.65,43692.24,42895.08
Barranquilla,2025-03-23,25.91,43728.31,42931.3
Barranquilla,2025-03-24,26.16,43764.26,42967.29
Barranquilla,2025-03-25,26.4,43800.05,43002.98
Barranquilla,2025-03-26,22.99,43835.67,43038.31
Barranquilla,2025-03-27,23.45,43871.1,43073.18
Barranquilla,2025-03-28,21.89,43906.39,42429.43
Barranquilla,2025-03-29,21.54,43941.78,40630.05
Barranquilla,2025-03-30,22.1,43977.26,41848.3
Barranquilla,2025-03-31,22.62,44012.81,43200.0
Barranquilla,2025-04-01,19.27,44048.4,39574.75
Barranquilla,2025-04-02,22.18,44084.03,41398.12
Barranquilla,2025-04-03,16.37,44119.64,34809.23
Barranquilla,2025-04-04,22.29,44155.24,41055.15
Barranquilla,2025-04-05,23.62,44190.78,42066.24
Barranquilla,2025-04-06,24.88,44226.25,43054.5
Barranquilla,2025-04-07,22.3,44261.63,42546.69
Barranquilla,2025-04-08,25.95,44296.89,43200.0
Barranquilla,2025-04-09,24.71,44332.0,43200.0
Barranquilla,2025-04-10,20.16,44366.94,40636.81
Barranquilla,2025-04-11,18.11,44401.68,26944.81
Barranquilla,2025-04-12,24.85,44436.2,43200.0
Barranquilla,2025-04-13,24.72,44470.48,43200.0
Barranquilla,2025-04-14,25.39,44504.48,43200.0
Barranquilla,2025-04-15,25.83,44538.17,43200.0
Barranquilla,2025-04-16,25.42,44571.53,43200.0
Barranquilla,2025-04-17,24.83,44604.62,43200.0
Barranquilla,2025-04-18,25.57,44637.67,43200.0
Barranquilla,2025-04-19,19.15,44670.67,37132.27
Barranquilla,2025-04-20,23.86,44703.58,40440.66
Barranquilla,2025-04-21,18.76,44736.39,40588.43
Barranquilla,2025-04-22,23.4,44769.07,43200.0
Barranquilla,2025-04-23,22.78,44801.6,43200.0
Barranquilla,2025-04-24,24.28,44833.95,43200.0
Barranquilla,2025-04-25,24.16,44866.09,43200.0
Barranquilla,2025-04-26,19.84,44898.0,37527.95
Barranquilla,2025-04-27,21.93,44929.65,38898.77
Barranquilla,2025-04-28,17.43,44961.01,26482.65
Barranquilla,2025-04-29,19.88,44992.05,29507.56
Barranquilla,2025-04-30,19.68,45022.76,31515.7
Barranquilla,2025-05-01,20.61,45053.08,38487.31
Barranquilla,2025-05-02,18.67,45083.0,35324.32
Barranquilla,2025-05-03,15.31,45112.5,19607.23
Barranquilla,2025-05-04,22.7,45141.53,42371.85
Barranquilla,2025-05-05,18.86,45170.06,32178.3
Barranquilla,2025-05-06,17.44,45198.07,34192.31
Barranquilla,2025-05-07,16.63,45225.61,33055.14
Barranquilla,2025-05-08,22.53,45252.88,42666.39
Barranquilla,2025-05-09,23.74,45279.87,43200.0
Barranquilla,2025-05-10,25.51,45306.55,43200.0
Barranquilla,2025-05-11,25.29,45332.9,43200.0
Barranquilla,2025-05-12,23.77,45358.9,42444.57
Barranquilla,2025-05-13,24.18,45384.53,43200.0
Barranquilla,2025-05-14,21.82,45409.75,38273.4
Barranquilla,2025-05-15,11.41,45434.55,3012.85
Barranquilla,2025-05-16,13.8,45458.88,14943.17
Barranquilla,2025-05-17,7.07,45482.73,5417.23
Barranquilla,2025-05-18,22.79,45506.08,41969.98
Barranquilla,2025-05-19,17.62,45528.89,35637.54
Barranquilla,2025-05-20,20.61,45551.13,37275.74
Barranquilla,2025-05-21,22.67,45572.78,42451.88
Barranquilla,2025-05-22,21.53,45593.82,39599.14
Barranquilla,2025-05-23,25.12,45614.2,43200.0
Barranquilla,2025-05-24,24.79,45633.91,43200.0
Barranquilla,2025-05-25,23.83,45652.92,43200.0
Barranquilla,2025-05-26,22.86,45671.19,43200.0
Barranquilla,2025-05-27,20.49,45688.77,38707.21
Barranquilla,2025-05-28,16.14,45705.78,31622.45
Barranquilla,2025-05-29,23.57,45722.23,41937.07
Barranquilla,2025-05-30,21.55,45738.09,41627.33
Barranquilla,2025-05-31,15.43,45753.36,29091.61
Barranquilla,2025-06-01,22.41,45768.02,43200.0
Barranquilla,2025-06-02,23.05,45782.05,43032.36
Barranquilla,2025-06-03,20.75,45795.44,41002.18
Barranquilla,2025-06-04,18.26,45808.17,30213.69
Barranquilla,2025-06-05,20.52,45820.23,43200.0
Barranquilla,2025-06-06,19.06,45831.6,42424.51
Barranquilla,2025-06-07,21.82,45842.27,41742.61
Barranquilla,2025-06-08,24.56,45852.22,43200.0
Barranquilla,2025-06-09,16.87,45861.43,29581.06
Barranquilla,2025-06-10,11.78,45869.9,11991.53
Barranquilla,2025-06-11,12.89,45877.61,11671.12
Barranquilla,2025-06-12,15.38,45884.54,28722.32
Barranquilla,2025-06-13,11.04,45890.68,7259.64
Barranquilla,2025-06-14,17.21,45896.01,37405.43
Barranquilla,2025-06-15,23.73,45900.53,43200.0
Barranquilla,2025-06-16,23.01,45904.23,43200.0
Barranquilla,2025-06-17,21.83,45907.13,43200.0
Barranquilla,2025-06-18,23.21,45909.26,40761.72
Barranquilla,2025-06-19,25.86,45910.59,43200.0
Barranquilla,2025-06-20,20.8,45911.16,40890.15
Barranquilla,2025-06-21,19.77,45910.96,29408.88
Barranquilla,2025-06-22,12.24,45909.99,8874.47
Barranquilla,2025-06-23,14.41,45908.26,22935.89
Barranquilla,2025-06-24,21.7,45905.78,35725.55
Barranquilla,2025-06-25,19.26,45902.55,42347.37
Barranquilla,2025-06-26,21.97,45898.58,43200.0
Barranquilla,2025-06-27,23.14,45893.87,43200.0
Barranquilla,2025-06-28,23.35,45888.43,43200.0
Barranquilla,2025-06-29,22.92,45882.27,41227.41
Barranquilla,2025-06-30,20.18,45875.4,39177.62
Barranquilla,2025-07-01,23.32,45867.81,43200.0
Barranquilla,2025-07-02,22.71,45859.53,43200.0
Barranquilla,2025-07-03,23.01,45850.55,43200.0
Barranquilla,2025-07-04,16.49,45840.88,26267.14
Barranquilla,2025-07-05,14.17,45830.54,18563.69
Barranquilla,2025-07-06,23.04,45819.49,41919.13
Barranquilla,2025-07-07,24.77,45807.62,43200.0
Barranquilla,2025-07-08,24.92,45794.98,43200.0
Barranquilla,2025-07-09,18.45,45781.56,26279.46
Barranquilla,2025-07-10,20.02,45767.41,36904.76
Barranquilla,2025-07-11,16.19,45752.53,24767.86
Barranquilla,2025-07-12,16.82,45736.96,31234.17
Barranquilla,2025-07-13,15.34,45720.72,26060.96
Barranquilla,2025-07-14,23.23,45703.83,43200.0
Barranquilla,2025-07-15,24.8,45686.31,43200.0
Barranquilla,2025-07-16,23.51,45668.19,43200.0
Barranquilla,2025-07-17,25.48,45649.5,43200.0
Barranquilla,2025-07-18,24.95,45630.25,43293.51
Barranquilla,2025-07-19,24.51,45610.46,42589.8
Barranquilla,2025-07-20,24.29,45590.17,43200.0
Barranquilla,2025-07-21,21.83,45569.4,43200.0
Barranquilla,2025-07-22,20.88,45548.15,38879.1
Barranquilla,2025-07-23,20.31,45526.47,34900.54
Barranquilla,2025-07-24,22.2,45504.36,41599.53
Barranquilla,2025-07-25,22.8,45481.85,38397.38
Barranquilla,2025-07-26,19.81,45458.91,40971.74
Barranquilla,2025-07-27,21.48,45435.33,39600.0
Barranquilla,2025-07-28,22.81,45411.14,43200.0
Barranquilla,2025-07-29,22.98,45386.36,41032.45
Barranquilla,2025-07-30,23.14,45361.04,41022.13
Barranquilla,2025-07-31,20.68,45335.2,35472.6
Barranquilla,2025-08-01,23.82,45308.87,43200.0
Barranquilla,2025-08-02,22.63,45282.08,37386.02
Barranquilla,2025-08-03,16.35,45254.85,27990.98
Barranquilla,2025-08-04,20.46,45227.23,42063.78
Barranquilla,2025-08-05,20.84,45199.22,39571.65
Barranquilla,2025-08-06,18.06,45170.87,33796.47
Barranquilla,2025-08-07,23.78,45142.2,43200.0
Barranquilla,2025-08-08,21.78,45113.23,41854.97
Barranquilla,2025-08-09,15.91,45083.99,30154.43
Barranquilla,2025-08-10,16.71,45054.51,22232.7
Barranquilla,2025-08-11,22.39,45024.81,38204.18
Barranquilla,2025-08-12,24.16,44994.92,43200.0
Barranquilla,2025-08-13,23.01,44964.86,43138.74
Barranquilla,2025-08-14,19.2,44934.67,38538.4
Barranquilla,2025-08-15,21.72,44904.27,38427.72
Barranquilla,2025-08-16,16.84,44873.45,33961.44
Barranquilla,2025-08-17,19.85,44842.24,33050.55
Barranquilla,2025-08-18,19.62,44810.65,28897.96
Barranquilla,2025-08-19,22.09,44778.73,36332.19
Barranquilla,2025-08-20,23.75,44746.49,42816.7
Barranquilla,2025-08-21,21.03,44713.98,37522.6
Barranquilla,2025-08-22,19.76,44681.19,32400.0
Barranquilla,2025-08-23,22.13,44648.17,41668.33
Barranquilla,2025-08-24,22.86,44614.94,37449.2
Barranquilla,2025-08-25,19.99,44581.53,34993.61
Barranquilla,2025-08-26,22.86,44547.96,35935.09
Barranquilla,2025-08-27,23.91,44514.26,43200.0
Barranquilla,2025-08-28,22.88,44480.44,43200.0
Barranquilla,2025-08-29,23.86,44446.55,40914.62
Barranquilla,2025-08-30,17.35,44412.59,30444.36
Barranquilla,2025-08-31,21.79,44378.58,33000.22
Barranquilla,2025-09-01,17.95,44344.57,31867.48
Barranquilla,2025-09-02,18.17,44310.56,32436.36
Barranquilla,2025-09-03,20.69,44276.58,36791.49
Barranquilla,2025-09-04,20.97,44242.56,36000.0
Barranquilla,2025-09-05,17.16,44208.3,27761.98
Barranquilla,2025-09-06,16.77,44173.8,26375.24
Barranquilla,2025-09-07,19.43,44139.08,29830.31
Barranquilla,2025-09-08,19.45,44104.18,31757.35
Barranquilla,2025-09-09,23.25,44069.11,41801.48
Barranquilla,2025-09-10,24.24,44033.9,42441.52
Barranquilla,2025-09-11,22.5,43998.56,39676.61
Barranquilla,2025-09-12,15.18,43963.13,16867.65
Barranquilla,2025-09-13,20.08,43927.63,36907.07
Barranquilla,2025-09-14,20.96,43892.07,39507.73
Barranquilla,2025-09-15,23.68,43856.49,42377.89
Barranquilla,2025-09-16,19.86,43820.9,33561.35
Barranquilla,2025-09-17,20.31,43785.33,39878.48
Barranquilla,2025-09-18,19.59,43749.79,34379.3
Barranquilla,2025-09-19,20.16,43714.31,35173.19
Barranquilla,2025-09-20,21.85,43678.92,42237.18
Barranquilla,2025-09-21,20.57,43643.64,37718.43
Barranquilla,2025-09-22,21.27,43608.47,39600.0
Barranquilla,2025-09-23,22.4,43573.45,39812.4
Barranquilla,2025-09-24,22.77,43538.51,40204.08
Barranquilla,2025-09-25,18.89,43503.44,28837.72
Barranquilla,2025-09-26,18.65,43468.23,38446.03
Barranquilla,2025-09-27,17.27,43432.91,30287.05
Barranquilla,2025-09-28,21.07,43397.5,35463.3
Barranquilla,2025-09-29,18.81,43362.04,37296.82
Barranquilla,2025-09-30,20.37,43326.53,38519.81
Barranquilla,2025-10-01,18.45,43291.02,25200.0
Barranquilla,2025-10-02,17.87,43255.51,29467.29
Barranquilla,2025-10-03,13.87,43220.04,22075.28
Barranquilla,2025-10-04,12.11,43184.62,11623.41
Barranquilla,2025-10-05,23.3,43149.3,42197.11
Barranquilla,2025-10-06,20.46,43114.07,40437.5
Barranquilla,2025-10-07,22.11,43078.98,39430.68
Barranquilla,2025-10-08,19.85,43044.04,38327.74
Barranquilla,2025-10-09,15.45,43009.28,27183.66
Barranquilla,2025-10-10,16.26,42974.73,24085.47
Barranquilla,2025-10-11,15.06,42940.4,25886.79
Barranquilla,2025-10-12,19.71,42906.33,39261.2
Barranquilla,2025-10-13,21.21,42872.54,41748.2
Barranquilla,2025-10-14,21.02,42838.96,36000.0
Barranquilla,2025-10-15,15.67,42805.35,27987.66
Barranquilla,2025-10-16,14.72,42771.71,29577.17
Barranquilla,2025-10-17,18.9,42738.08,34118.11
Barranquilla,2025-10-18,21.27,42704.48,39600.0
Barranquilla,2025-10-19,20.37,42670.93,40188.45
Barranquilla,2025-10-20,13.93,42637.48,23267.89
Barranquilla,2025-10-21,18.63,42604.13,30924.53
Barranquilla,2025-10-22,14.54,42570.94,24206.01
Barranquilla,2025-10-23,11.94,42537.92,18429.91
Barranquilla,2025-10-24,17.2,42505.1,32719.96
Barranquilla,2025-10-25,14.11,42472.51,24650.0
Barranquilla,2025-10-26,18.6,42440.19,39600.0
Barranquilla,2025-10-27,16.37,42408.16,27913.41
Barranquilla,2025-10-28,19.55,42376.45,39600.0
Barranquilla,2025-10-29,18.34,42345.1,37886.85
Barranquilla,2025-10-30,17.51,42314.15,38999.1
Barranquilla,2025-10-31,15.84,42283.6,37367.63
Barranquilla,2025-11-01,22.04,42253.51,40121.6
Barranquilla,2025-11-02,19.9,42223.91,38587.85
Barranquilla,2025-11-03,12.86,42194.72,23926.64
Barranquilla,2025-11-04,18.96,42165.69,39905.88
Barranquilla,2025-11-05,20.27,42136.83,39670.01
Barranquilla,2025-11-06,19.21,42108.17,37061.15
Barranquilla,2025-11-07,20.56,42079.74,39573.49
Barranquilla,2025-11-08,20.61,42051.58,39690.33
Barranquilla,2025-11-09,20.63,42023.7,39696.21
Barranquilla,2025-11-10,13.78,41996.15,21529.41
Barranquilla,2025-11-11,15.39,41968.97,39143.66
Barranquilla,2025-11-12,19.34,41942.17,39600.0
Barranquilla,2025-11-13,18.73,41915.79,39961.98
Barranquilla,2025-11-14,18.91,41889.87,39600.0
Barranquilla,2025-11-15,14.52,41864.45,39380.44
Barranquilla,2025-11-16,14.56,41839.55,28969.32
Barranquilla,2025-11-17,18.91,41815.2,38583.04
Barranquilla,2025-11-18,18.04,41791.46,39006.36
Barranquilla,2025-11-19,17.53,41768.35,38715.92
Barranquilla,2025-11-20,18.35,41745.9,37732.12
Barranquilla,2025-11-21,18.24,41724.16,39162.62
Barranquilla,2025-11-22,19.22,41703.15,40152.77
Barranquilla,2025-11-23,19.75,41682.84,39874.87
Barranquilla,2025-11-24,16.95,41663.0,36947.62
Barranquilla,2025-11-25,19.8,41643.63,39563.9
Barranquilla,2025-11-26,19.02,41624.78,39783.56
Barranquilla,2025-11-27,19.97,41606.45,39750.39
Barranquilla,2025-11-28,8.42,41588.66,4958.28
Barranquilla,2025-11-29,7.59,41571.46,8315.08
Barranquilla,2025-11-30,9.02,41554.85,14855.13
Barranquilla,2025-12-01,12.77,41538.87,23300.76
Barranquilla,2025-12-02,16.88,41523.53,37955.59
Barranquilla,2025-12-03,19.58,41508.87,39326.53
Barranquilla,2025-12-04,19.47,41494.91,40253.01
Barranquilla,2025-12-05,20.95,41481.67,40213.77
Barranquilla,2025-12-06,18.78,41469.18,39409.6
Barranquilla,2025-12-07,17.06,41457.46,39368.88
Barranquilla,2025-12-08,19.28,41446.54,40093.9
Barranquilla,2025-12-09,19.1,41436.44,39797.99
Barranquilla,2025-12-10,19.7,41427.18,40524.52
Barranquilla,2025-12-11,19.78,41418.79,39972.72
Barranquilla,2025-12-12,18.58,41411.3,39164.32
Barranquilla,2025-12-13,16.46,41404.69,33315.87
Barranquilla,2025-12-14,17.63,41398.88,37400.12
Barranquilla,2025-12-15,18.83,41393.85,39808.31
Barranquilla,2025-12-16,18.27,41389.61,36457.43
Barranquilla,2025-12-17,18.92,41386.18,38763.25
Barranquilla,2025-12-18,18.45,41383.52,39435.08
Barranquilla,2025-12-19,18.09,41381.67,40400.79
Barranquilla,2025-12-20,20.45,41380.6,40355.16
Barranquilla,2025-12-21,20.38,41380.32,40823.01
Barranquilla,2025-12-22,19.11,41380.84,40950.12
Barranquilla,2025-12-23,16.18,41382.15,39398.75
Barranquilla,2025-12-24,21.09,41384.24,40953.59
Barranquilla,2025-12-25,20.28,41387.12,40956.49
Barranquilla,2025-12-26,21.02,41390.79,40960.15
Barranquilla,2025-12-27,21.09,41395.24,40964.58
Barranquilla,2025-12-28,21.07,41400.47,40969.77
Barranquilla,2025-12-29,20.67,41406.48,40975.73
Barranquilla,2025-12-30,20.86,41413.27,40676.1
Barranquilla,2025-12-31,19.73,41420.83,38360.2
Bogota,2025-01-01,21.12,42669.31,37139.69
Bogota,2025-01-02,16.47,42673.27,42250.51
Bogota,2025-01-03,6.78,42677.53,6705.87
Bogota,2025-01-04,14.93,42682.09,40196.29
Bogota,2025-01-05,9.28,42686.96,13141.18
Bogota,2025-01-06,12.69,42692.11,21885.39
Bogota,2025-01-07,17.99,42697.57,41626.6
Bogota,2025-01-08,16.29,42703.4,36616.86
Bogota,2025-01-09,16.3,42709.59,40113.4
Bogota,2025-01-10,16.01,42716.13,35517.76
Bogota,2025-01-11,22.09,42723.0,41676.68
Bogota,2025-01-12,25.48,42730.19,42309.08
Bogota,2025-01-13,24.48,42737.69,42316.9
Bogota,2025-01-14,22.91,42745.49,41023.81
Bogota,2025-01-15,23.72,42753.57,42045.51
Bogota,2025-01-16,22.02,42761.92,42320.93
Bogota,2025-01-17,18.9,42770.54,41853.01
Bogota,2025-01-18,23.03,42779.39,40151.17
Bogota,2025-01-19,24.15,42788.49,41164.88
Bogota,2025-01-20,24.77,42797.8,42361.88
Bogota,2025-01-21,25.3,42807.32,39945.74
Bogota,2025-01-22,26.7,42817.05,42338.04
Bogota,2025-01-23,25.23,42826.96,42327.55
Bogota,2025-01-24,13.36,42837.04,40024.13
Bogota,2025-01-25,15.41,42847.29,39696.45
Bogota,2025-01-26,12.95,42857.69,30167.91
Bogota,2025-01-27,15.45,42868.27,38995.91
Bogota,2025-01-28,14.98,42879.14,38194.94
Bogota,2025-01-29,13.78,42890.28,31896.07
Bogota,2025-01-30,18.47,42901.68,41167.57
Bogota,2025-01-31,14.31,42913.33,39829.12
Bogota,2025-02-01,18.63,42925.21,37668.06
Bogota,2025-02-02,16.66,42937.3,37163.56
Bogota,2025-02-03,15.22,42949.59,33411.68
Bogota,2025-02-04,14.34,42962.07,30966.28
Bogota,2025-02-05,13.29,42974.73,28622.11
Bogota,2025-02-06,16.92,42987.54,33918.81
Bogota,2025-02-07,17.53,43000.49,35788.87
Bogota,2025-02-08,14.11,43013.58,27553.87
Bogota,2025-02-09,13.31,43026.78,28397.54
Bogota,2025-02-10,10.1,43040.09,21215.17
Bogota,2025-02-11,13.26,43053.49,25815.84
Bogota,2025-02-12,16.14,43066.96,36163.99
Bogota,2025-02-13,13.37,43080.49,28044.41
Bogota,2025-02-14,12.04,43094.09,20077.57
Bogota,2025-02-15,17.29,43107.71,40832.89
Bogota,2025-02-16,16.89,43121.41,41295.75
Bogota,2025-02-17,14.81,43135.29,33307.04
Bogota,2025-02-18,15.93,43149.35,38928.17
Bogota,2025-02-19,19.77,43163.58,40088.89
Bogota,2025-02-20,19.67,43177.96,41725.86
Bogota,2025-02-21,15.51,43192.48,39600.0
Bogota,2025-02-22,10.04,43207.12,29086.23
Bogota,2025-02-23,16.11,43221.88,40364.46
Bogota,2025-02-24,17.06,43236.74,36963.05
Bogota,2025-02-25,13.63,43251.7,27617.26
Bogota,2025-02-26,13.66,43266.73,33745.96
Bogota,2025-02-27,14.83,43281.82,33990.35
Bogota,2025-02-28,18.1,43296.97,35909.33
Bogota,2025-03-01,15.77,43312.16,33026.85
Bogota,2025-03-02,13.23,43327.38,25324.18
Bogota,2025-03-03,12.04,43342.62,20296.21
Bogota,2025-03-04,11.35,43357.86,13517.9
Bogota,2025-03-05,13.83,43373.1,19609.46
Bogota,2025-03-06,8.36,43388.32,3479.16
Bogota,2025-03-07,11.52,43403.51,18038.64
Bogota,2025-03-08,17.54,43418.7,34574.43
Bogota,2025-03-09,21.29,43434.0,40122.21
Bogota,2025-03-10,20.64,43449.4,36099.35
Bogota,2025-03-11,17.42,43464.91,40527.97
Bogota,2025-03-12,10.76,43480.49,21824.78
Bogota,2025-03-13,19.11,43496.15,37529.06
Bogota,2025-03-14,10.93,43511.87,15860.97
Bogota,2025-03-15,18.08,43527.64,36000.0
Bogota,2025-03-16,17.08,43543.46,36000.0
Bogota,2025-03-17,7.89,43559.31,4835.54
Bogota,2025-03-18,15.35,43575.18,28459.0
Bogota,2025-03-19,16.08,43591.06,36273.84
Bogota,2025-03-20,11.07,43606.94,17223.88
Bogota,2025-03-21,15.36,43622.81,30837.14
Bogota,2025-03-22,19.3,43638.65,37519.05
Bogota,2025-03-23,18.25,43654.47,41097.45
Bogota,2025-03-24,19.84,43670.24,42241.51
Bogota,2025-03-25,22.49,43685.96,39600.0
Bogota,2025-03-26,20.33,43701.61,38458.16
Bogota,2025-03-27,18.41,43717.18,37236.27
Bogota,2025-03-28,16.97,43732.71,39027.4
Bogota,2025-03-29,16.35,43748.28,34169.63
Bogota,2025-03-30,11.31,43763.91,17936.99
Bogota,2025-03-31,13.17,43779.58,24145.32
Bogota,2025-04-01,13.25,43795.28,24573.65
Bogota,2025-04-02,12.43,43810.99,25430.54
Bogota,2025-04-03,16.93,43826.72,34330.5
Bogota,2025-04-04,10.23,43842.44,19795.34
Bogota,2025-04-05,9.68,43858.16,15892.11
Bogota,2025-04-06,11.89,43873.85,20460.52
Bogota,2025-04-07,17.37,43889.5,38942.9
Bogota,2025-04-08,10.19,43905.12,8158.74
Bogota,2025-04-09,14.24,43920.67,32818.84
Bogota,2025-04-10,10.75,43936.17,15350.44
Bogota,2025-04-11,18.41,43951.58,42079.51
Bogota,2025-04-12,23.26,43966.9,42416.76
Bogota,2025-04-13,24.58,43982.12,43167.12
Bogota,2025-04-14,23.08,43997.23,43159.96
Bogota,2025-04-15,22.82,44012.21,41331.35
Bogota,2025-04-16,22.64,44027.05,41670.18
Bogota,2025-04-17,18.48,44041.77,40842.36
Bogota,2025-04-18,15.63,44056.49,32744.42
Bogota,2025-04-19,15.54,44071.18,34377.36
Bogota,2025-04-20,15.26,44085.85,30771.69
Bogota,2025-04-21,16.69,44100.49,39479.57
Bogota,2025-04-22,15.9,44115.07,36213.37
Bogota,2025-04-23,16.15,44129.59,34484.59
Bogota,2025-04-24,10.32,44144.03,12133.4
Bogota,2025-04-25,13.66,44158.39,22808.85
Bogota,2025-04-26,8.16,44172.65,5602.16
Bogota,2025-04-27,14.97,44186.81,40480.7
Bogota,2025-04-28,16.14,44200.83,36810.61
Bogota,2025-04-29,17.99,44214.73,35582.15
Bogota,2025-04-30,12.01,44228.48,18733.28
Bogota,2025-05-01,14.93,44242.06,38645.43
Bogota,2025-05-02,14.79,44255.47,39403.96
Bogota,2025-05-03,8.44,44268.69,883.28
Bogota,2025-05-04,13.72,44281.71,27691.37
Bogota,2025-05-05,6.89,44294.51,6643.4
Bogota,2025-05-06,13.72,44307.08,33958.93
Bogota,2025-05-07,10.36,44319.45,14907.63
Bogota,2025-05-08,15.94,44331.69,39875.65
Bogota,2025-05-09,16.56,44343.81,39774.01
Bogota,2025-05-10,16.41,44355.81,38589.21
Bogota,2025-05-11,12.31,44367.66,28819.08
Bogota,2025-05-12,12.5,44379.36,33469.23
Bogota,2025-05-13,10.84,44390.88,21246.72
Bogota,2025-05-14,10.16,44402.23,20685.3
Bogota,2025-05-15,11.8,44413.39,19956.74
Bogota,2025-05-16,13.39,44424.35,28475.04
Bogota,2025-05-17,11.23,44435.09,16131.59
Bogota,2025-05-18,16.37,44445.61,33645.04
Bogota,2025-05-19,10.55,44455.89,19276.36
Bogota,2025-05-20,13.86,44465.92,23750.72
Bogota,2025-05-21,9.86,44475.68,20288.8
Bogota,2025-05-22,11.94,44485.16,22422.74
Bogota,2025-05-23,16.63,44494.36,38735.3
Bogota,2025-05-24,12.7,44503.25,37854.45
Bogota,2025-05-25,17.32,44511.83,40818.06
Bogota,2025-05-26,13.84,44520.08,28707.99
Bogota,2025-05-27,10.74,44528.01,18053.98
Bogota,2025-05-28,14.68,44535.69,30778.96
Bogota,2025-05-29,17.66,44543.12,37078.88
Bogota,2025-05-30,11.34,44550.29,20561.22
Bogota,2025-05-31,15.21,44557.19,28395.75
Bogota,2025-06-01,11.73,44563.81,15794.07
Bogota,2025-06-02,13.21,44570.15,22135.66
Bogota,2025-06-03,9.57,44576.21,20314.17
Bogota,2025-06-04,14.67,44581.96,31639.89
Bogota,2025-06-05,7.5,44587.41,7532.71
Bogota,2025-06-06,10.39,44592.56,20780.83
Bogota,2025-06-07,11.94,44597.38,25729.88
Bogota,2025-06-08,14.36,44601.88,38152.6
Bogota,2025-06-09,9.36,44606.05,13507.12
Bogota,2025-06-10,10.32,44609.88,18682.0
Bogota,2025-06-11,12.37,44613.37,31197.01
Bogota,2025-06-12,11.7,44616.5,30422.96
Bogota,2025-06-13,13.56,44619.28,22523.13
Bogota,2025-06-14,12.82,44621.69,21460.71
Bogota,2025-06-15,12.58,44623.73,25139.22
Bogota,2025-06-16,16.55,44625.4,40151.15
Bogota,2025-06-17,14.18,44626.72,32095.94
Bogota,2025-06-18,18.59,44627.68,43200.0
Bogota,2025-06-19,16.21,44628.29,37039.63
Bogota,2025-06-20,14.45,44628.55,35731.15
Bogota,2025-06-21,12.85,44628.46,30754.69
Bogota,2025-06-22,11.42,44628.01,23941.46
Bogota,2025-06-23,17.02,44627.23,35618.58
Bogota,2025-06-24,8.1,44626.11,5442.75
Bogota,2025-06-25,20.27,44624.65,41429.97
Bogota,2025-06-26,21.53,44622.85,43200.0
Bogota,2025-06-27,14.6,44620.73,38484.1
Bogota,2025-06-28,16.14,44618.26,38598.36
Bogota,2025-06-29,17.83,44615.48,39754.21
Bogota,2025-06-30,13.99,44612.36,32717.68
Bogota,2025-07-01,10.75,44608.93,24097.92
Bogota,2025-07-02,14.88,44605.18,40238.57
Bogota,2025-07-03,10.88,44601.12,20127.18
Bogota,2025-07-04,10.26,44596.75,18746.82
Bogota,2025-07-05,17.07,44592.07,38656.82
Bogota,2025-07-06,14.68,44587.07,36217.86
Bogota,2025-07-07,18.31,44581.71,41457.19
Bogota,2025-07-08,11.6,44575.99,28701.7
Bogota,2025-07-09,14.42,44569.94,35212.11
Bogota,2025-07-10,15.33,44563.54,35672.38
Bogota,2025-07-11,7.65,44556.81,5004.98
Bogota,2025-07-12,10.74,44549.78,23072.81
Bogota,2025-07-13,14.22,44542.44,30894.9
Bogota,2025-07-14,9.82,44534.81,23814.14
Bogota,2025-07-15,15.06,44526.9,33755.48
Bogota,2025-07-16,17.04,44518.73,42898.32
Bogota,2025-07-17,12.21,44510.29,29951.43
Bogota,2025-07-18,13.31,44501.6,29772.18
Bogota,2025-07-19,10.37,44492.67,15735.55
Bogota,2025-07-20,17.58,44483.52,42004.12
Bogota,2025-07-21,11.58,44474.15,32159.87
Bogota,2025-07-22,12.61,44464.57,31024.39
Bogota,2025-07-23,10.66,44454.8,19184.53
Bogota,2025-07-24,16.2,44444.83,39139.88
Bogota,2025-07-25,16.57,44434.7,37790.5
Bogota,2025-07-26,15.72,44424.36,40118.47
Bogota,2025-07-27,18.14,44413.74,41970.28
Bogota,2025-07-28,12.77,44402.85,30761.69
Bogota,2025-07-29,14.1,44391.71,36978.89
Bogota,2025-07-30,17.24,44380.31,43185.34
Bogota,2025-07-31,22.76,44368.69,43200.0
Bogota,2025-08-01,15.74,44356.85,34288.94
Bogota,2025-08-02,16.01,44344.81,41649.27
Bogota,2025-08-03,12.82,44332.58,22540.76
Bogota,2025-08-04,16.69,44320.17,36000.0
Bogota,2025-08-05,23.37,44307.6,43200.0
Bogota,2025-08-06,21.56,44294.88,43200.0
Bogota,2025-08-07,18.75,44282.01,38874.79
Bogota,2025-08-08,16.03,44269.02,33711.27
Bogota,2025-08-09,9.6,44255.91,9148.53
Bogota,2025-08-10,14.17,44242.7,38088.84
Bogota,2025-08-11,13.3,44229.4,28328.72
Bogota,2025-08-12,20.95,44216.01,42012.24
Bogota,2025-08-13,17.41,44202.56,35606.48
Bogota,2025-08-14,15.39,44189.05,43200.0
Bogota,2025-08-15,11.37,44175.46,15722.67
Bogota,2025-08-16,14.07,44161.68,26305.18
Bogota,2025-08-17,16.55,44147.73,33438.0
Bogota,2025-08-18,17.85,44133.63,37893.23
Bogota,2025-08-19,14.08,44119.38,27508.39
Bogota,2025-08-20,21.12,44104.99,41675.18
Bogota,2025-08-21,17.9,44090.49,39392.31
Bogota,2025-08-22,15.56,44075.88,29504.41
Bogota,2025-08-23,14.79,44061.17,36416.28
Bogota,2025-08-24,20.8,44046.37,43200.0
Bogota,2025-08-25,10.55,44031.49,24727.98
Bogota,2025-08-26,15.3,44016.56,32460.58
Bogota,2025-08-27,12.88,44001.58,23293.17
Bogota,2025-08-28,16.62,43986.55,39467.61
Bogota,2025-08-29,22.52,43971.49,43018.32
Bogota,2025-08-30,23.02,43956.42,41226.42
Bogota,2025-08-31,16.34,43941.33,40074.36
Bogota,2025-09-01,15.92,43926.25,35223.06
Bogota,2025-09-02,14.62,43911.17,35787.25
Bogota,2025-09-03,18.45,43896.12,40100.17
Bogota,2025-09-04,19.46,43881.06,38688.35
Bogota,2025-09-05,9.67,43865.9,11263.78
Bogota,2025-09-06,14.42,43850.65,40663.11
Bogota,2025-09-07,13.36,43835.31,37493.72
Bogota,2025-09-08,17.29,43819.89,36220.21
Bogota,2025-09-09,22.2,43804.41,42886.17
Bogota,2025-09-10,20.25,43788.87,42857.04
Bogota,2025-09-11,18.13,43773.3,37514.47
Bogota,2025-09-12,21.09,43757.69,42798.08
Bogota,2025-09-13,21.88,43742.05,41791.92
Bogota,2025-09-14,22.46,43726.4,42738.6
Bogota,2025-09-15,14.1,43710.76,30634.41
Bogota,2025-09-16,21.37,43695.12,42679.12
Bogota,2025-09-17,17.42,43679.49,30724.13
Bogota,2025-09-18,12.34,43663.89,22316.0
Bogota,2025-09-19,15.16,43648.33,32317.29
Bogota,2025-09-20,14.02,43632.81,26299.96
Bogota,2025-09-21,22.57,43617.35,40441.6
Bogota,2025-09-22,20.71,43601.96,40917.17
Bogota,2025-09-23,17.95,43586.64,42478.11
Bogota,2025-09-24,12.7,43571.36,31246.09
Bogota,2025-09-25,19.56,43556.03,42423.15
Bogota,2025-09-26,17.28,43540.66,35701.78
Bogota,2025-09-27,15.6,43525.24,34199.29
Bogota,2025-09-28,15.27,43509.81,26281.12
Bogota,2025-09-29,18.53,43494.35,35280.24
Bogota,2025-09-30,8.57,43478.89,289.2
Bogota,2025-10-01,13.33,43463.43,27146.37
Bogota,2025-10-02,20.86,43447.98,42229.01
Bogota,2025-10-03,19.79,43432.56,42201.91
Bogota,2025-10-04,12.9,43417.19,32274.61
Bogota,2025-10-05,17.75,43401.85,29842.33
Bogota,2025-10-06,18.99,43386.57,32779.15
Bogota,2025-10-07,12.98,43371.36,25959.91
Bogota,2025-10-08,14.22,43356.23,25242.14
Bogota,2025-10-09,16.93,43341.18,34768.38
Bogota,2025-10-10,11.46,43326.23,17526.82
Bogota,2025-10-11,17.74,43311.39,30924.61
Bogota,2025-10-12,13.2,43296.67,18830.46
Bogota,2025-10-13,18.0,43282.09,39429.22
Bogota,2025-10-14,16.56,43267.6,35094.49
Bogota,2025-10-15,20.38,43253.1,36792.81
Bogota,2025-10-16,15.34,43238.61,28544.6
Bogota,2025-10-17,15.15,43224.13,36720.2
Bogota,2025-10-18,10.87,43209.67,29140.04
Bogota,2025-10-19,20.26,43195.25,37595.07
Bogota,2025-10-20,14.93,43180.87,34013.17
Bogota,2025-10-21,17.8,43166.55,36440.27
Bogota,2025-10-22,18.81,43152.3,36473.02
Bogota,2025-10-23,16.91,43138.14,33417.7
Bogota,2025-10-24,13.31,43124.07,28776.33
Bogota,2025-10-25,17.88,43110.11,38060.08
Bogota,2025-10-26,14.25,43096.28,31101.45
Bogota,2025-10-27,13.57,43082.58,32018.52
Bogota,2025-10-28,16.29,43069.02,36842.47
Bogota,2025-10-29,15.3,43055.62,35354.64
Bogota,2025-10-30,15.25,43042.4,36507.02
Bogota,2025-10-31,12.39,43029.37,22184.89
Bogota,2025-11-01,19.62,43016.54,38721.99
Bogota,2025-11-02,15.71,43003.92,33798.48
Bogota,2025-11-03,16.7,42991.49,35834.5
Bogota,2025-11-04,19.52,42979.13,36000.0
Bogota,2025-11-05,15.76,42966.85,34870.25
Bogota,2025-11-06,10.16,42954.65,11145.06
Bogota,2025-11-07,18.87,42942.57,33042.1
Bogota,2025-11-08,20.8,42930.61,39600.0
Bogota,2025-11-09,15.36,42918.77,35878.62
Bogota,2025-11-10,17.14,42907.08,36000.0
Bogota,2025-11-11,18.45,42895.55,39543.92
Bogota,2025-11-12,16.96,42884.19,37778.18
Bogota,2025-11-13,14.51,42873.01,34046.97
Bogota,2025-11-14,13.08,42862.04,32978.83
Bogota,2025-11-15,12.75,42851.28,27839.23
Bogota,2025-11-16,10.19,42840.74,17972.86
Bogota,2025-11-17,12.43,42830.45,23222.18
Bogota,2025-11-18,14.28,42820.41,28433.5
Bogota,2025-11-19,15.08,42810.65,34720.63
Bogota,2025-11-20,18.15,42801.17,36530.02
Bogota,2025-11-21,18.57,42791.99,35495.76
Bogota,2025-11-22,17.24,42783.13,39773.78
Bogota,2025-11-23,16.86,42774.56,35062.05
Bogota,2025-11-24,14.8,42766.19,27354.91
Bogota,2025-11-25,15.3,42758.03,36000.0
Bogota,2025-11-26,16.43,42750.09,39221.01
Bogota,2025-11-27,15.3,42742.37,32652.52
Bogota,2025-11-28,7.44,42734.88,759.13
Bogota,2025-11-29,15.93,42727.64,35393.16
Bogota,2025-11-30,15.21,42720.65,33800.95
Bogota,2025-12-01,14.61,42713.93,31449.1
Bogota,2025-12-02,14.55,42707.48,29082.99
Bogota,2025-12-03,15.97,42701.32,33132.11
Bogota,2025-12-04,15.57,42695.46,36934.38
Bogota,2025-12-05,8.24,42689.89,7683.98
Bogota,2025-12-06,16.2,42684.64,31410.55
Bogota,2025-12-07,15.1,42679.72,37310.39
Bogota,2025-12-08,17.26,42675.14,31938.11
Bogota,2025-12-09,14.59,42670.89,38026.83
Bogota,2025-12-10,16.88,42667.01,39415.81
Bogota,2025-12-11,14.81,42663.49,38441.02
Bogota,2025-12-12,15.56,42660.35,35703.27
Bogota,2025-12-13,18.91,42657.57,40847.71
Bogota,2025-12-14,18.77,42655.14,40568.33
Bogota,2025-12-15,18.7,42653.03,41327.15
Bogota,2025-12-16,16.74,42651.25,32027.08
Bogota,2025-12-17,18.28,42649.81,40523.33
Bogota,2025-12-18,17.76,42648.69,35092.92
Bogota,2025-12-19,16.63,42647.92,40212.71
Bogota,2025-12-20,13.98,42647.47,36751.98
Bogota,2025-12-21,17.14,42647.35,40212.68
Bogota,2025-12-22,14.25,42647.57,41305.3
Bogota,2025-12-23,16.02,42648.12,34808.05
Bogota,2025-12-24,17.69,42649.0,38388.89
Bogota,2025-12-25,16.44,42650.21,32599.33
Bogota,2025-12-26,21.19,42651.74,42228.37
Bogota,2025-12-27,19.5,42653.61,42230.2
Bogota,2025-12-28,20.63,42655.8,42232.33
Bogota,2025-12-29,18.59,42658.33,40684.39
Bogota,2025-12-30,15.8,42661.17,38019.9
Bogota,2025-12-31,14.76,42664.34,35826.4
Bucaramanga,2025-01-01,17.89,42157.92,40246.07
Bucaramanga,2025-01-02,16.37,42164.14,35980.44
Bucaramanga,2025-01-03,8.88,42170.83,14409.29
Bucaramanga,2025-01-04,9.28,42177.99,21046.95
Bucaramanga,2025-01-05,10.86,42185.62,19072.78
Bucaramanga,2025-01-06,10.83,42193.71,25548.34
Bucaramanga,2025-01-07,18.56,42202.28,41777.34
Bucaramanga,2025-01-08,17.65,42211.44,41786.83
Bucaramanga,2025-01-09,16.99,42221.14,40641.56
Bucaramanga,2025-01-10,18.89,42231.4,41807.47
Bucaramanga,2025-01-11,13.23,42242.18,33182.49
Bucaramanga,2025-01-12,18.05,42253.46,40849.77
Bucaramanga,2025-01-13,19.2,42265.22,41842.29
Bucaramanga,2025-01-14,17.88,42277.44,41655.03
Bucaramanga,2025-01-15,18.62,42290.1,39938.53
Bucaramanga,2025-01-16,17.43,42303.19,40641.67
Bucaramanga,2025-01-17,15.83,42316.68,39476.51
Bucaramanga,2025-01-18,20.54,42330.55,40641.11
Bucaramanga,2025-01-19,21.25,42344.78,41923.68
Bucaramanga,2025-01-20,21.45,42359.37,41938.53
Bucaramanga,2025-01-21,20.67,42374.27,41953.69
Bucaramanga,2025-01-22,23.14,42389.48,41969.14
Bucaramanga,2025-01-23,20.81,42404.98,41984.85
Bucaramanga,2025-01-24,18.37,42420.75,42000.81
Bucaramanga,2025-01-25,18.17,42436.77,42017.01
Bucaramanga,2025-01-26,18.19,42453.03,39979.27
Bucaramanga,2025-01-27,22.13,42469.56,42050.19
Bucaramanga,2025-01-28,17.76,42486.53,40313.17
Bucaramanga,2025-01-29,18.36,42503.92,41253.01
Bucaramanga,2025-01-30,20.53,42521.73,42103.19
Bucaramanga,2025-01-31,18.18,42539.9,38283.86
Bucaramanga,2025-02-01,22.0,42558.42,41082.56
Bucaramanga,2025-02-02,21.06,42577.28,42159.66
Bucaramanga,2025-02-03,20.32,42596.45,42179.14
Bucaramanga,2025-02-04,20.22,42615.89,42041.64
Bucaramanga,2025-02-05,19.99,42635.61,39873.36
Bucaramanga,2025-02-06,16.59,42655.56,39881.4
Bucaramanga,2025-02-07,19.56,42675.73,42259.67
Bucaramanga,2025-02-08,16.28,42696.09,32726.67
Bucaramanga,2025-02-09,13.8,42716.63,28938.59
Bucaramanga,2025-02-10,15.99,42737.31,38976.18
Bucaramanga,2025-02-11,16.67,42758.14,35200.37
Bucaramanga,2025-02-12,19.58,42779.08,42286.73
Bucaramanga,2025-02-13,16.87,42800.11,41081.86
Bucaramanga,2025-02-14,13.85,42821.21,33270.73
Bucaramanga,2025-02-15,16.03,42842.36,41775.26
Bucaramanga,2025-02-16,17.44,42863.61,41763.68
Bucaramanga,2025-02-17,17.28,42885.14,41039.54
Bucaramanga,2025-02-18,17.3,42906.94,35302.05
Bucaramanga,2025-02-19,16.01,42928.98,40068.9
Bucaramanga,2025-02-20,14.68,42951.26,35668.53
Bucaramanga,2025-02-21,15.81,42973.74,40518.44
Bucaramanga,2025-02-22,17.43,42996.4,38542.73
Bucaramanga,2025-02-23,17.5,43019.24,40493.1
Bucaramanga,2025-02-24,19.05,43042.23,42547.74
Bucaramanga,2025-02-25,15.24,43065.34,37422.11
Bucaramanga,2025-02-26,15.93,43088.56,37548.18
Bucaramanga,2025-02-27,18.01,43111.88,40674.09
Bucaramanga,2025-02-28,18.24,43135.27,38867.57
Bucaramanga,2025-03-01,19.23,43158.71,42661.59
Bucaramanga,2025-03-02,15.53,43182.19,41113.79
Bucaramanga,2025-03-03,15.15,43205.69,29544.74
Bucaramanga,2025-03-04,14.49,43229.19,25687.27
Bucaramanga,2025-03-05,16.98,43252.67,38156.31
Bucaramanga,2025-03-06,12.24,43276.1,24414.68
Bucaramanga,2025-03-07,5.31,43299.49,1693.55
Bucaramanga,2025-03-08,15.03,43322.87,38011.49
Bucaramanga,2025-03-09,16.98,43346.4,40764.9
Bucaramanga,2025-03-10,21.15,43370.08,41215.88
Bucaramanga,2025-03-11,15.22,43393.9,40431.63
Bucaramanga,2025-03-12,17.61,43417.85,41883.44
Bucaramanga,2025-03-13,20.22,43441.89,41628.13
Bucaramanga,2025-03-14,14.38,43466.02,35839.73
Bucaramanga,2025-03-15,14.49,43490.23,25199.39
Bucaramanga,2025-03-16,17.62,43514.48,34044.3
Bucaramanga,2025-03-17,15.01,43538.78,34739.29
Bucaramanga,2025-03-18,13.38,43563.1,29364.29
Bucaramanga,2025-03-19,11.97,43587.42,35562.36
Bucaramanga,2025-03-20,16.17,43611.74,26298.13
Bucaramanga,2025-03-21,11.56,43636.02,12851.94
Bucaramanga,2025-03-22,19.68,43660.26,38846.54
Bucaramanga,2025-03-23,22.14,43684.45,43200.0
Bucaramanga,2025-03-24,22.68,43708.56,43194.8
Bucaramanga,2025-03-25,19.7,43732.57,40819.16
Bucaramanga,2025-03-26,21.81,43756.48,43183.51
Bucaramanga,2025-03-27,20.91,43780.25,39594.99
Bucaramanga,2025-03-28,15.61,43803.94,26831.49
Bucaramanga,2025-03-29,11.65,43827.71,26664.94
Bucaramanga,2025-03-30,15.56,43851.54,30524.95
Bucaramanga,2025-03-31,15.0,43875.42,26155.24
Bucaramanga,2025-04-01,15.33,43899.34,31533.32
Bucaramanga,2025-04-02,16.52,43923.28,34033.75
Bucaramanga,2025-04-03,18.72,43947.23,33419.77
Bucaramanga,2025-04-04,9.09,43971.16,5497.01
Bucaramanga,2025-04-05,17.37,43995.07,39863.72
Bucaramanga,2025-04-06,16.59,44018.93,26058.1
Bucaramanga,2025-04-07,19.25,44042.73,36834.35
Bucaramanga,2025-04-08,18.24,44066.46,31281.72
Bucaramanga,2025-04-09,14.91,44090.1,29354.99
Bucaramanga,2025-04-10,4.83,44113.63,106.62
Bucaramanga,2025-04-11,8.23,44137.02,4821.94
Bucaramanga,2025-04-12,20.34,44160.27,43091.47
Bucaramanga,2025-04-13,19.27,44183.36,41931.8
Bucaramanga,2025-04-14,21.11,44206.27,40732.62
Bucaramanga,2025-04-15,22.78,44228.98,43081.71
Bucaramanga,2025-04-16,20.88,44251.47,43079.49
Bucaramanga,2025-04-17,17.96,44273.78,32022.28
Bucaramanga,2025-04-18,15.82,44296.07,31135.93
Bucaramanga,2025-04-19,13.42,44318.32,19545.69
Bucaramanga,2025-04-20,10.13,44340.53,17423.18
Bucaramanga,2025-04-21,14.54,44362.66,22844.4
Bucaramanga,2025-04-22,18.72,44384.72,39763.55
Bucaramanga,2025-04-23,17.96,44406.67,38495.66
Bucaramanga,2025-04-24,15.47,44428.51,37266.47
Bucaramanga,2025-04-25,18.12,44450.21,36568.91
Bucaramanga,2025-04-26,9.6,44471.76,4955.79
Bucaramanga,2025-04-27,14.93,44493.14,39545.64
Bucaramanga,2025-04-28,10.69,44514.31,14796.02
Bucaramanga,2025-04-29,11.91,44535.29,21282.01
Bucaramanga,2025-04-30,8.08,44556.03,8692.18
Bucaramanga,2025-05-01,11.52,44576.53,20299.16
Bucaramanga,2025-05-02,13.38,44596.75,27772.72
Bucaramanga,2025-05-03,11.28,44616.69,14405.48
Bucaramanga,2025-05-04,16.14,44636.32,40070.59
Bucaramanga,2025-05-05,8.26,44655.61,4297.24
Bucaramanga,2025-05-06,8.45,44674.55,9070.87
Bucaramanga,2025-05-07,11.94,44693.17,17619.2
Bucaramanga,2025-05-08,13.98,44711.62,26510.59
Bucaramanga,2025-05-09,19.56,44729.88,40277.68
Bucaramanga,2025-05-10,14.77,44747.93,37272.1
Bucaramanga,2025-05-11,15.57,44765.77,36117.87
Bucaramanga,2025-05-12,16.11,44783.36,30398.68
Bucaramanga,2025-05-13,16.72,44800.7,28098.79
Bucaramanga,2025-05-14,13.52,44817.78,26376.56
Bucaramanga,2025-05-15,7.21,44834.56,1860.95
Bucaramanga,2025-05-16,9.31,44851.03,6241.42
Bucaramanga,2025-05-17,9.8,44867.18,11645.94
Bucaramanga,2025-05-18,12.2,44882.99,30029.63
Bucaramanga,2025-05-19,9.64,44898.44,11574.52
Bucaramanga,2025-05-20,12.65,44913.5,23967.04
Bucaramanga,2025-05-21,12.38,44928.17,27692.65
Bucaramanga,2025-05-22,7.88,44942.41,5238.88
Bucaramanga,2025-05-23,16.39,44956.22,36729.49
Bucaramanga,2025-05-24,15.47,44969.58,34962.73
Bucaramanga,2025-05-25,18.23,44982.46,33582.72
Bucaramanga,2025-05-26,9.08,44994.83,7185.53
Bucaramanga,2025-05-27,9.32,45006.74,5493.21
Bucaramanga,2025-05-28,16.75,45018.27,34792.78
Bucaramanga,2025-05-29,22.44,45029.42,43200.0
Bucaramanga,2025-05-30,17.52,45040.17,27223.13
Bucaramanga,2025-05-31,14.91,45050.52,27816.6
Bucaramanga,2025-06-01,12.68,45060.45,22030.94
Bucaramanga,2025-06-02,9.32,45069.96,11523.86
Bucaramanga,2025-06-03,7.98,45079.04,11031.0
Bucaramanga,2025-06-04,14.83,45087.67,24907.14
Bucaramanga,2025-06-05,12.09,45095.85,23476.08
Bucaramanga,2025-06-06,12.13,45103.56,21776.56
Bucaramanga,2025-06-07,15.26,45110.79,32640.94
Bucaramanga,2025-06-08,17.9,45117.53,39630.45
Bucaramanga,2025-06-09,12.0,45123.78,18547.57
Bucaramanga,2025-06-10,7.64,45129.52,7361.32
Bucaramanga,2025-06-11,7.91,45134.74,8590.56
Bucaramanga,2025-06-12,16.24,45139.44,35321.84
Bucaramanga,2025-06-13,8.51,45143.61,11495.1
Bucaramanga,2025-06-14,9.62,45147.23,17764.34
Bucaramanga,2025-06-15,9.46,45150.28,17301.64
Bucaramanga,2025-06-16,16.83,45152.79,26061.6
Bucaramanga,2025-06-17,13.35,45154.76,22531.71
Bucaramanga,2025-06-18,16.05,45156.2,31622.0
Bucaramanga,2025-06-19,18.19,45157.12,33919.98
Bucaramanga,2025-06-20,8.73,45157.5,5902.32
Bucaramanga,2025-06-21,17.08,45157.36,32117.26
Bucaramanga,2025-06-22,7.58,45156.7,7087.83
Bucaramanga,2025-06-23,8.7,45155.53,9351.67
Bucaramanga,2025-06-24,9.73,45153.85,17197.89
Bucaramanga,2025-06-25,15.74,45151.66,34947.38
Bucaramanga,2025-06-26,15.81,45148.97,32066.91
Bucaramanga,2025-06-27,18.69,45145.77,41508.74
Bucaramanga,2025-06-28,15.93,45142.08,31150.87
Bucaramanga,2025-06-29,13.28,45137.91,26015.49
Bucaramanga,2025-06-30,14.14,45133.24,37286.22
Bucaramanga,2025-07-01,13.92,45128.1,26968.63
Bucaramanga,2025-07-02,11.61,45122.49,23078.99
Bucaramanga,2025-07-03,15.77,45116.4,35898.96
Bucaramanga,2025-07-04,7.56,45109.84,6165.81
Bucaramanga,2025-07-05,14.86,45102.83,33421.67
Bucaramanga,2025-07-06,11.16,45095.34,17343.44
Bucaramanga,2025-07-07,21.96,45087.3,43200.0
Bucaramanga,2025-07-08,17.12,45078.73,35465.38
Bucaramanga,2025-07-09,11.66,45069.63,25016.29
Bucaramanga,2025-07-10,16.89,45060.04,33077.18
Bucaramanga,2025-07-11,11.15,45049.96,14987.42
Bucaramanga,2025-07-12,9.85,45039.4,14807.41
Bucaramanga,2025-07-13,12.57,45028.39,25093.51
Bucaramanga,2025-07-14,16.87,45016.94,39795.4
Bucaramanga,2025-07-15,14.41,45005.08,37562.28
Bucaramanga,2025-07-16,16.79,44992.8,36936.79
Bucaramanga,2025-07-17,18.49,44980.14,40300.43
Bucaramanga,2025-07-18,17.93,44967.1,38684.63
Bucaramanga,2025-07-19,18.24,44953.69,32934.22
Bucaramanga,2025-07-20,18.85,44939.94,42633.79
Bucaramanga,2025-07-21,15.67,44925.87,33053.72
Bucaramanga,2025-07-22,16.51,44911.48,30613.25
Bucaramanga,2025-07-23,13.2,44896.8,25459.96
Bucaramanga,2025-07-24,17.68,44881.83,38363.84
Bucaramanga,2025-07-25,15.25,44866.59,33853.9
Bucaramanga,2025-07-26,16.68,44851.05,27432.86
Bucaramanga,2025-07-27,17.61,44835.09,35838.42
Bucaramanga,2025-07-28,16.2,44818.71,33348.95
Bucaramanga,2025-07-29,16.91,44801.94,37221.22
Bucaramanga,2025-07-30,16.03,44784.81,30009.91
Bucaramanga,2025-07-31,18.66,44767.32,38672.66
Bucaramanga,2025-08-01,17.2,44749.5,38114.79
Bucaramanga,2025-08-02,17.45,44731.37,31785.77
Bucaramanga,2025-08-03,14.31,44712.96,24065.36
Bucaramanga,2025-08-04,14.22,44694.27,25572.63
Bucaramanga,2025-08-05,18.63,44675.33,40801.9
Bucaramanga,2025-08-06,18.63,44656.15,43200.0
Bucaramanga,2025-08-07,15.03,44636.77,31904.65
Bucaramanga,2025-08-08,16.07,44617.18,33670.58
Bucaramanga,2025-08-09,8.23,44597.42,15537.09
Bucaramanga,2025-08-10,13.03,44577.49,29442.78
Bucaramanga,2025-08-11,16.29,44557.42,40617.73
Bucaramanga,2025-08-12,18.97,44537.23,43063.67
Bucaramanga,2025-08-13,19.67,44516.92,40164.97
Bucaramanga,2025-08-14,19.35,44496.52,39912.87
Bucaramanga,2025-08-15,12.32,44475.99,20345.88
Bucaramanga,2025-08-16,11.48,44455.18,13820.42
Bucaramanga,2025-08-17,18.42,44434.11,32047.21
Bucaramanga,2025-08-18,10.84,44412.79,21048.11
Bucaramanga,2025-08-19,14.62,44391.24,25740.1
Bucaramanga,2025-08-20,22.35,44369.48,42181.2
Bucaramanga,2025-08-21,21.05,44347.54,40661.47
Bucaramanga,2025-08-22,19.92,44325.42,31597.16
Bucaramanga,2025-08-23,13.72,44303.15,27735.16
Bucaramanga,2025-08-24,18.89,44280.74,41144.44
Bucaramanga,2025-08-25,16.25,44258.21,38674.03
Bucaramanga,2025-08-26,18.71,44235.58,31707.78
Bucaramanga,2025-08-27,18.59,44212.87,38789.36
Bucaramanga,2025-08-28,20.97,44190.08,43007.59
Bucaramanga,2025-08-29,19.23,44167.24,43097.73
Bucaramanga,2025-08-30,15.45,44144.36,34585.14
Bucaramanga,2025-08-31,14.35,44121.47,25304.36
Bucaramanga,2025-09-01,18.58,44098.56,31822.48
Bucaramanga,2025-09-02,15.88,44075.67,35847.04
Bucaramanga,2025-09-03,16.28,44052.8,31209.8
Bucaramanga,2025-09-04,16.46,44029.9,31163.94
Bucaramanga,2025-09-05,13.35,44006.85,24275.27
Bucaramanga,2025-09-06,9.17,43983.65,18255.7
Bucaramanga,2025-09-07,16.9,43960.3,35852.68
Bucaramanga,2025-09-08,11.7,43936.83,16978.18
Bucaramanga,2025-09-09,19.77,43913.26,39656.92
Bucaramanga,2025-09-10,20.69,43889.59,42689.22
Bucaramanga,2025-09-11,18.24,43865.85,36709.04
Bucaramanga,2025-09-12,17.46,43842.05,33743.75
Bucaramanga,2025-09-13,18.49,43818.2,40178.02
Bucaramanga,2025-09-14,15.71,43794.33,38490.36
Bucaramanga,2025-09-15,12.71,43770.44,16598.87
Bucaramanga,2025-09-16,18.44,43746.56,33573.38
Bucaramanga,2025-09-17,12.65,43722.69,18348.4
Bucaramanga,2025-09-18,11.25,43698.85,13629.07
Bucaramanga,2025-09-19,6.67,43675.06,6859.26
Bucaramanga,2025-09-20,8.53,43651.33,7713.61
Bucaramanga,2025-09-21,18.26,43627.67,40403.03
Bucaramanga,2025-09-22,19.99,43604.11,40787.31
Bucaramanga,2025-09-23,19.6,43580.65,39302.06
Bucaramanga,2025-09-24,16.71,43557.25,36682.13
Bucaramanga,2025-09-25,15.15,43533.76,23991.2
Bucaramanga,2025-09-26,17.73,43510.19,29263.69
Bucaramanga,2025-09-27,17.82,43486.54,36631.1
Bucaramanga,2025-09-28,16.41,43462.85,26241.56
Bucaramanga,2025-09-29,17.31,43439.13,40299.12
Bucaramanga,2025-09-30,8.6,43415.39,6509.94
Bucaramanga,2025-10-01,14.46,43391.64,26061.08
Bucaramanga,2025-10-02,17.46,43367.9,38887.67
Bucaramanga,2025-10-03,12.51,43344.19,19923.2
Bucaramanga,2025-10-04,12.73,43320.54,18452.76
Bucaramanga,2025-10-05,14.15,43296.94,27874.29
Bucaramanga,2025-10-06,16.03,43273.41,30478.37
Bucaramanga,2025-10-07,16.12,43249.98,32429.36
Bucaramanga,2025-10-08,17.95,43226.67,30047.51
Bucaramanga,2025-10-09,17.78,43203.48,36761.82
Bucaramanga,2025-10-10,7.86,43180.42,12596.34
Bucaramanga,2025-10-11,11.56,43157.53,28133.68
Bucaramanga,2025-10-12,12.06,43134.81,23771.73
Bucaramanga,2025-10-13,16.24,43112.29,40425.94
Bucaramanga,2025-10-14,14.8,43089.91,32752.86
Bucaramanga,2025-10-15,16.22,43067.52,32188.72
Bucaramanga,2025-10-16,15.87,43045.12,33456.74
Bucaramanga,2025-10-17,12.95,43022.72,29046.79
Bucaramanga,2025-10-18,13.31,43000.35,32533.67
Bucaramanga,2025-10-19,17.23,42978.02,36329.84
Bucaramanga,2025-10-20,12.72,42955.76,29859.79
Bucaramanga,2025-10-21,16.28,42933.58,34869.24
Bucaramanga,2025-10-22,13.71,42911.51,26383.06
Bucaramanga,2025-10-23,16.65,42889.55,30173.17
Bucaramanga,2025-10-24,17.42,42867.73,36202.14
Bucaramanga,2025-10-25,16.16,42846.08,29776.97
Bucaramanga,2025-10-26,18.72,42824.61,36362.02
Bucaramanga,2025-10-27,10.74,42803.33,12876.9
Bucaramanga,2025-10-28,17.17,42782.28,37189.42
Bucaramanga,2025-10-29,17.91,42761.47,39421.72
Bucaramanga,2025-10-30,12.78,42740.92,26816.06
Bucaramanga,2025-10-31,14.55,42720.65,30500.99
Bucaramanga,2025-11-01,19.96,42700.69,38541.43
Bucaramanga,2025-11-02,16.14,42681.06,31383.86
Bucaramanga,2025-11-03,9.9,42661.7,13223.42
Bucaramanga,2025-11-04,17.0,42642.46,36725.06
Bucaramanga,2025-11-05,13.08,42623.33,24958.14
Bucaramanga,2025-11-06,7.25,42604.34,10581.24
Bucaramanga,2025-11-07,18.06,42585.5,39600.0
Bucaramanga,2025-11-08,18.49,42566.85,38400.2
Bucaramanga,2025-11-09,15.89,42548.39,28910.55
Bucaramanga,2025-11-10,10.48,42530.15,20225.48
Bucaramanga,2025-11-11,11.89,42512.15,15518.58
Bucaramanga,2025-11-12,16.16,42494.42,37847.63
Bucaramanga,2025-11-13,15.88,42476.96,35566.06
Bucaramanga,2025-11-14,14.77,42459.82,31293.8
Bucaramanga,2025-11-15,11.52,42443.0,16377.42
Bucaramanga,2025-11-16,10.05,42426.54,11738.17
Bucaramanga,2025-11-17,12.91,42410.44,32414.46
Bucaramanga,2025-11-18,11.76,42394.75,28429.7
Bucaramanga,2025-11-19,14.16,42379.47,24768.77
Bucaramanga,2025-11-20,13.39,42364.64,18163.62
Bucaramanga,2025-11-21,13.15,42350.28,27305.11
Bucaramanga,2025-11-22,13.8,42336.4,36235.61
Bucaramanga,2025-11-23,15.38,42322.98,34515.9
Bucaramanga,2025-11-24,14.65,42309.88,32445.98
Bucaramanga,2025-11-25,10.07,42297.1,18073.94
Bucaramanga,2025-11-26,16.97,42284.64,38385.19
Bucaramanga,2025-11-27,15.67,42272.55,25134.03
Bucaramanga,2025-11-28,11.74,42260.81,18808.38
Bucaramanga,2025-11-29,10.73,42249.46,25257.12
Bucaramanga,2025-11-30,17.28,42238.5,39600.0
Bucaramanga,2025-12-01,11.13,42227.95,13894.57
Bucaramanga,2025-12-02,15.88,42217.84,36338.39
Bucaramanga,2025-12-03,14.7,42208.17,30763.84
Bucaramanga,2025-12-04,16.75,42198.96,39600.0
Bucaramanga,2025-12-05,12.61,42190.23,27249.78
Bucaramanga,2025-12-06,13.53,42181.99,29042.47
Bucaramanga,2025-12-07,15.16,42174.27,35266.84
Bucaramanga,2025-12-08,14.37,42167.07,34870.79
Bucaramanga,2025-12-09,11.93,42160.41,31155.81
Bucaramanga,2025-12-10,14.67,42154.31,37850.81
Bucaramanga,2025-12-11,16.1,42148.78,37684.31
Bucaramanga,2025-12-12,14.79,42143.84,30140.21
Bucaramanga,2025-12-13,15.71,42139.49,38369.52
Bucaramanga,2025-12-14,10.21,42135.65,27591.59
Bucaramanga,2025-12-15,14.82,42132.34,31667.41
Bucaramanga,2025-12-16,16.85,42129.55,39526.65
Bucaramanga,2025-12-17,13.36,42127.28,30647.99
Bucaramanga,2025-12-18,16.59,42125.54,37479.72
Bucaramanga,2025-12-19,17.46,42124.31,41598.09
Bucaramanga,2025-12-20,15.87,42123.61,39668.04
Bucaramanga,2025-12-21,16.22,42123.43,40492.58
Bucaramanga,2025-12-22,15.99,42123.77,39758.31
Bucaramanga,2025-12-23,16.77,42124.63,40774.97
Bucaramanga,2025-12-24,17.04,42126.01,40354.22
Bucaramanga,2025-12-25,16.83,42127.91,34481.69
Bucaramanga,2025-12-26,16.97,42130.33,41530.35
Bucaramanga,2025-12-27,17.38,42133.25,40447.7
Bucaramanga,2025-12-28,17.7,42136.71,41710.95
Bucaramanga,2025-12-29,17.22,42140.66,41714.85
Bucaramanga,2025-12-30,17.51,42145.14,41719.22
Bucaramanga,2025-12-31,18.06,42150.12,41311.79
Cali,2025-01-01,13.99,42923.73,31923.5
Cali,2025-01-02,16.25,42926.56,31380.2
Cali,2025-01-03,12.94,42929.62,25355.4
Cali,2025-01-04,15.34,42932.89,35224.36
Cali,2025-01-05,9.26,42936.38,18162.86
Cali,2025-01-06,16.18,42940.07,31388.52
Cali,2025-01-07,15.64,42943.99,36187.04
Cali,2025-01-08,14.37,42948.17,32317.7
Cali,2025-01-09,15.25,42952.61,36390.11
Cali,2025-01-10,17.27,42957.3,39116.3
Cali,2025-01-11,18.15,42962.23,40123.29
Cali,2025-01-12,18.8,42967.4,40627.04
Cali,2025-01-13,19.84,42972.78,41129.21
Cali,2025-01-14,20.63,42978.39,41877.06
Cali,2025-01-15,21.07,42984.19,41387.63
Cali,2025-01-16,19.72,42990.19,38742.74
Cali,2025-01-17,19.04,42996.38,39918.95
Cali,2025-01-18,20.29,43002.74,40908.77
Cali,2025-01-19,16.22,43009.28,40176.14
Cali,2025-01-20,21.12,43015.98,41871.61
Cali,2025-01-21,18.17,43022.83,40430.15
Cali,2025-01-22,22.58,43029.83,41411.79
Cali,2025-01-23,22.06,43036.96,40192.54
Cali,2025-01-24,18.96,43044.23,38778.58
Cali,2025-01-25,12.26,43051.6,26083.81
Cali,2025-01-26,13.14,43059.1,28678.16
Cali,2025-01-27,11.83,43066.73,22614.35
Cali,2025-01-28,15.34,43074.56,26757.45
Cali,2025-01-29,15.71,43082.59,24420.29
Cali,2025-01-30,18.72,43090.81,33732.21
Cali,2025-01-31,14.88,43099.22,22443.5
Cali,2025-02-01,9.93,43107.79,10897.15
Cali,2025-02-02,8.63,43116.52,8718.9
Cali,2025-02-03,14.22,43125.4,33661.9
Cali,2025-02-04,14.28,43134.42,32326.82
Cali,2025-02-05,9.55,43143.57,11370.87
Cali,2025-02-06,13.87,43152.83,34526.42
Cali,2025-02-07,18.05,43162.2,33893.31
Cali,2025-02-08,9.59,43171.67,17947.58
Cali,2025-02-09,10.94,43181.23,8708.46
Cali,2025-02-10,12.93,43190.86,29518.64
Cali,2025-02-11,4.97,43200.57,2730.24
Cali,2025-02-12,15.98,43210.33,30833.84
Cali,2025-02-13,9.62,43220.15,19455.28
Cali,2025-02-14,12.81,43230.01,23646.3
Cali,2025-02-15,16.66,43239.9,33614.14
Cali,2025-02-16,10.73,43249.84,16277.66
Cali,2025-02-17,12.39,43259.92,26579.97
Cali,2025-02-18,12.68,43270.14,25182.64
Cali,2025-02-19,18.28,43280.48,38996.6
Cali,2025-02-20,16.22,43290.93,32400.0
Cali,2025-02-21,13.78,43301.49,31382.42
Cali,2025-02-22,13.16,43312.15,21902.51
Cali,2025-02-23,14.58,43322.89,28797.82
Cali,2025-02-24,14.79,43333.72,31720.85
Cali,2025-02-25,15.65,43344.61,36099.2
Cali,2025-02-26,13.67,43355.57,27534.34
Cali,2025-02-27,15.37,43366.58,30850.34
Cali,2025-02-28,15.09,43377.64,32688.97
Cali,2025-03-01,19.94,43388.72,34174.17
Cali,2025-03-02,13.96,43399.83,24802.38
Cali,2025-03-03,12.85,43410.97,23359.36
Cali,2025-03-04,10.08,43422.11,9160.03
Cali,2025-03-05,11.03,43433.25,21328.86
Cali,2025-03-06,12.8,43444.39,16845.24
Cali,2025-03-07,16.69,43455.5,27708.67
Cali,2025-03-08,15.76,43466.62,21796.0
Cali,2025-03-09,20.28,43477.83,39942.2
Cali,2025-03-10,20.25,43489.12,34316.26
Cali,2025-03-11,17.87,43500.49,30039.6
Cali,2025-03-12,15.08,43511.92,30159.4
Cali,2025-03-13,19.5,43523.4,30441.3
Cali,2025-03-14,10.21,43534.94,9553.78
Cali,2025-03-15,18.18,43546.53,34701.92
Cali,2025-03-16,18.53,43558.15,38435.91
Cali,2025-03-17,9.02,43569.8,7326.89
Cali,2025-03-18,16.32,43581.47,35065.72
Cali,2025-03-19,21.18,43593.15,32430.81
Cali,2025-03-20,13.49,43604.84,20474.36
Cali,2025-03-21,14.46,43616.53,23753.76
Cali,2025-03-22,17.36,43628.2,27865.27
Cali,2025-03-23,14.97,43639.86,29967.11
Cali,2025-03-24,19.19,43651.49,35564.51
Cali,2025-03-25,17.28,43663.08,37561.49
Cali,2025-03-26,17.89,43674.63,39861.11
Cali,2025-03-27,14.12,43686.12,27995.62
Cali,2025-03-28,13.15,43697.58,26126.28
Cali,2025-03-29,13.28,43709.1,20731.05
Cali,2025-03-30,13.39,43720.64,17937.3
Cali,2025-03-31,7.88,43732.23,9820.69
Cali,2025-04-01,15.06,43743.84,26155.53
Cali,2025-04-02,11.5,43755.47,15759.37
Cali,2025-04-03,14.9,43767.11,33722.68
Cali,2025-04-04,12.95,43778.76,18920.43
Cali,2025-04-05,14.08,43790.4,20982.42
Cali,2025-04-06,7.79,43802.03,1772.42
Cali,2025-04-07,19.11,43813.64,35485.6
Cali,2025-04-08,8.46,43825.22,680.15
Cali,2025-04-09,16.02,43836.77,28166.87
Cali,2025-04-10,11.17,43848.26,13815.1
Cali,2025-04-11,11.17,43859.71,14885.37
Cali,2025-04-12,21.52,43871.09,42058.86
Cali,2025-04-13,18.05,43882.4,38966.41
Cali,2025-04-14,20.97,43893.63,42972.68
Cali,2025-04-15,21.08,43904.77,40479.23
Cali,2025-04-16,19.09,43915.81,33905.9
Cali,2025-04-17,17.34,43926.76,30189.84
Cali,2025-04-18,21.37,43937.73,41145.53
Cali,2025-04-19,14.3,43948.67,26919.42
Cali,2025-04-20,10.16,43959.59,17034.78
Cali,2025-04-21,14.69,43970.5,30346.85
Cali,2025-04-22,15.49,43981.37,23391.95
Cali,2025-04-23,17.54,43992.19,41143.77
Cali,2025-04-24,14.05,44002.97,21983.74
Cali,2025-04-25,18.76,44013.68,31698.23
Cali,2025-04-26,13.87,44024.32,31565.04
Cali,2025-04-27,15.72,44034.89,31954.25
Cali,2025-04-28,10.66,44045.37,13450.23
Cali,2025-04-29,17.83,44055.74,34757.05
Cali,2025-04-30,9.02,44066.02,3932.11
Cali,2025-05-01,13.69,44076.17,27420.44
Cali,2025-05-02,11.97,44086.2,23475.34
Cali,2025-05-03,13.15,44096.08,29326.34
Cali,2025-05-04,15.08,44105.82,31158.58
Cali,2025-05-05,9.42,44115.4,8922.46
Cali,2025-05-06,15.81,44124.81,36756.63
Cali,2025-05-07,12.35,44134.07,21056.42
Cali,2025-05-08,16.99,44143.24,37104.29
Cali,2025-05-09,17.4,44152.32,32681.64
Cali,2025-05-10,20.08,44161.3,39014.33
Cali,2025-05-11,16.0,44170.18,34294.97
Cali,2025-05-12,15.51,44178.95,33474.89
Cali,2025-05-13,4.75,44187.59,0.0
Cali,2025-05-14,16.57,44196.1,31584.79
Cali,2025-05-15,10.79,44204.47,15729.05
Cali,2025-05-16,8.31,44212.69,10489.14
Cali,2025-05-17,13.11,44220.74,19013.45
Cali,2025-05-18,16.35,44228.64,37147.62
Cali,2025-05-19,17.69,44236.35,33765.75
Cali,2025-05-20,15.36,44243.88,29821.16
Cali,2025-05-21,15.35,44251.21,32396.31
Cali,2025-05-22,17.52,44258.33,32400.0
Cali,2025-05-23,10.05,44265.24,13554.98
Cali,2025-05-24,12.86,44271.92,27217.12
Cali,2025-05-25,13.1,44278.37,25552.69
Cali,2025-05-26,11.83,44284.57,24170.88
Cali,2025-05-27,17.26,44290.53,33406.92
Cali,2025-05-28,17.23,44296.3,29541.96
Cali,2025-05-29,16.05,44301.89,32114.6
Cali,2025-05-30,7.03,44307.28,2428.35
Cali,2025-05-31,9.58,44312.46,7029.07
Cali,2025-06-01,10.94,44317.45,14988.29
Cali,2025-06-02,13.38,44322.21,23911.36
Cali,2025-06-03,18.69,44326.77,34981.65
Cali,2025-06-04,15.03,44331.09,28800.0
Cali,2025-06-05,12.06,44335.19,28400.11
Cali,2025-06-06,14.19,44339.06,26569.02
Cali,2025-06-07,19.63,44342.7,39775.69
Cali,2025-06-08,18.91,44346.08,35200.17
Cali,2025-06-09,15.96,44349.22,34655.63
Cali,2025-06-10,10.05,44352.1,10800.0
Cali,2025-06-11,12.14,44354.73,21507.13
Cali,2025-06-12,12.0,44357.08,14656.43
Cali,2025-06-13,7.59,44359.17,8664.1
Cali,2025-06-14,11.47,44360.99,25365.75
Cali,2025-06-15,17.11,44362.53,35197.35
Cali,2025-06-16,11.4,44363.79,16187.95
Cali,2025-06-17,18.95,44364.78,35702.58
Cali,2025-06-18,20.7,44365.5,41396.21
Cali,2025-06-19,15.55,44365.96,31244.19
Cali,2025-06-20,16.23,44366.15,35872.6
Cali,2025-06-21,15.98,44366.08,31401.28
Cali,2025-06-22,8.41,44365.76,9605.77
Cali,2025-06-23,14.53,44365.17,37563.9
Cali,2025-06-24,13.43,44364.32,28592.53
Cali,2025-06-25,18.59,44363.22,39909.06
Cali,2025-06-26,18.98,44361.87,41866.07
Cali,2025-06-27,17.07,44360.26,32476.86
Cali,2025-06-28,17.44,44358.41,41077.96
Cali,2025-06-29,18.61,44356.31,38920.01
Cali,2025-06-30,13.85,44353.97,22510.17
Cali,2025-07-01,11.03,44351.39,13353.46
Cali,2025-07-02,14.25,44348.57,30879.8
Cali,2025-07-03,13.86,44345.51,25876.53
Cali,2025-07-04,14.75,44342.22,28340.7
Cali,2025-07-05,15.99,44338.7,39193.77
Cali,2025-07-06,16.89,44334.94,40238.02
Cali,2025-07-07,18.05,44330.91,37951.32
Cali,2025-07-08,18.4,44326.61,33384.26
Cali,2025-07-09,13.33,44322.05,18854.44
Cali,2025-07-10,13.33,44317.24,21815.87
Cali,2025-07-11,15.97,44312.18,26823.77
Cali,2025-07-12,12.59,44306.89,28926.24
Cali,2025-07-13,14.13,44301.37,24349.64
Cali,2025-07-14,17.56,44295.64,36425.72
Cali,2025-07-15,19.37,44289.69,39976.85
Cali,2025-07-16,18.44,44283.55,42801.84
Cali,2025-07-17,17.78,44277.21,35603.41
Cali,2025-07-18,16.4,44270.68,29590.24
Cali,2025-07-19,11.72,44263.98,15625.2
Cali,2025-07-20,15.96,44257.1,28450.8
Cali,2025-07-21,13.79,44250.06,23659.97
Cali,2025-07-22,12.39,44242.87,18428.27
Cali,2025-07-23,17.81,44235.54,31654.18
Cali,2025-07-24,17.0,44228.06,31730.05
Cali,2025-07-25,11.04,44220.45,12261.19
Cali,2025-07-26,13.95,44212.69,34358.95
Cali,2025-07-27,17.56,44204.73,35113.43
Cali,2025-07-28,13.68,44196.56,30131.17
Cali,2025-07-29,15.54,44188.2,26844.19
Cali,2025-07-30,15.53,44179.66,28619.3
Cali,2025-07-31,18.25,44170.96,41819.85
Cali,2025-08-01,18.51,44162.08,31345.18
Cali,2025-08-02,9.24,44153.06,4421.44
Cali,2025-08-03,13.21,44143.9,24009.66
Cali,2025-08-04,10.46,44134.61,9540.51
Cali,2025-08-05,19.92,44125.2,36147.52
Cali,2025-08-06,20.23,44115.67,39230.42
Cali,2025-08-07,18.26,44106.05,42382.7
Cali,2025-08-08,12.07,44096.33,19370.07
Cali,2025-08-09,15.06,44086.52,26090.0
Cali,2025-08-10,16.31,44076.65,30130.03
Cali,2025-08-11,16.14,44066.71,30114.01
Cali,2025-08-12,19.62,44056.71,37283.63
Cali,2025-08-13,18.04,44046.65,32872.48
Cali,2025-08-14,16.34,44036.56,32453.61
Cali,2025-08-15,9.58,44026.42,14459.08
Cali,2025-08-16,16.06,44016.14,34024.72
Cali,2025-08-17,17.76,44005.73,33743.86
Cali,2025-08-18,16.75,43995.21,36553.55
Cali,2025-08-19,19.7,43984.58,37748.15
Cali,2025-08-20,18.39,43973.86,37038.26
Cali,2025-08-21,16.63,43963.05,38721.77
Cali,2025-08-22,12.05,43952.16,23879.72
Cali,2025-08-23,15.33,43941.21,34487.35
Cali,2025-08-24,20.93,43930.19,41667.24
Cali,2025-08-25,16.61,43919.12,30457.42
Cali,2025-08-26,19.07,43908.01,34117.56
Cali,2025-08-27,13.42,43896.87,26282.39
Cali,2025-08-28,16.25,43885.69,27160.88
Cali,2025-08-29,16.77,43874.5,33245.93
Cali,2025-08-30,15.77,43863.3,29194.57
Cali,2025-08-31,18.82,43852.1,42951.88
Cali,2025-09-01,18.39,43840.9,30670.71
Cali,2025-09-02,12.88,43829.71,25068.2
Cali,2025-09-03,18.57,43818.55,31673.95
Cali,2025-09-04,11.63,43807.38,14031.05
Cali,2025-09-05,13.91,43796.14,23774.84
Cali,2025-09-06,15.98,43784.84,31716.39
Cali,2025-09-07,15.97,43773.48,32321.89
Cali,2025-09-08,19.13,43762.06,37151.47
Cali,2025-09-09,20.73,43750.6,41932.92
Cali,2025-09-10,19.43,43739.1,34510.53
Cali,2025-09-11,11.25,43727.59,6703.46
Cali,2025-09-12,17.88,43716.04,31760.77
Cali,2025-09-13,17.86,43704.49,39788.81
Cali,2025-09-14,21.33,43692.93,41439.33
Cali,2025-09-15,17.01,43681.38,32551.27
Cali,2025-09-16,12.31,43669.83,19975.2
Cali,2025-09-17,16.92,43658.3,33100.64
Cali,2025-09-18,9.04,43646.8,15411.28
Cali,2025-09-19,16.62,43635.33,32049.36
Cali,2025-09-20,8.03,43623.9,965.81
Cali,2025-09-21,12.54,43612.51,30570.72
Cali,2025-09-22,19.17,43601.17,35813.11
Cali,2025-09-23,18.9,43589.9,34306.05
Cali,2025-09-24,15.54,43578.66,33613.57
Cali,2025-09-25,18.2,43567.4,29290.22
Cali,2025-09-26,13.31,43556.09,19849.04
Cali,2025-09-27,15.68,43544.77,32984.04
Cali,2025-09-28,16.68,43533.43,31614.17
Cali,2025-09-29,14.23,43522.08,35691.39
Cali,2025-09-30,7.57,43510.74,713.84
Cali,2025-10-01,8.55,43499.4,10701.42
Cali,2025-10-02,21.29,43488.08,35258.8
Cali,2025-10-03,12.65,43476.78,25074.07
Cali,2025-10-04,17.17,43465.51,35937.99
Cali,2025-10-05,18.73,43454.29,28970.22
Cali,2025-10-06,18.71,43443.1,34338.81
Cali,2025-10-07,16.98,43431.98,33782.15
Cali,2025-10-08,9.64,43420.91,12607.28
Cali,2025-10-09,16.19,43409.92,33256.92
Cali,2025-10-10,8.46,43398.99,3597.67
Cali,2025-10-11,13.74,43388.16,29013.74
Cali,2025-10-12,10.44,43377.42,13891.09
Cali,2025-10-13,20.19,43366.78,34876.53
Cali,2025-10-14,17.85,43356.21,30512.92
Cali,2025-10-15,16.78,43345.64,38720.45
Cali,2025-10-16,15.33,43335.08,24392.24
Cali,2025-10-17,10.93,43324.53,23446.08
Cali,2025-10-18,14.28,43314.0,27035.92
Cali,2025-10-19,16.38,43303.51,29146.74
Cali,2025-10-20,19.05,43293.05,34166.67
Cali,2025-10-21,11.93,43282.64,30744.45
Cali,2025-10-22,15.83,43272.28,33295.36
Cali,2025-10-23,14.45,43261.99,29687.1
Cali,2025-10-24,9.1,43251.77,8953.68
Cali,2025-10-25,15.92,43241.64,31375.0
Cali,2025-10-26,13.65,43231.6,33116.52
Cali,2025-10-27,12.64,43221.66,26909.87
Cali,2025-10-28,17.94,43211.83,37710.63
Cali,2025-10-29,11.85,43202.12,21278.64
Cali,2025-10-30,13.08,43192.54,21826.11
Cali,2025-10-31,7.67,43183.1,2746.18
Cali,2025-11-01,9.97,43173.81,6860.83
Cali,2025-11-02,14.96,43164.68,28104.34
Cali,2025-11-03,12.6,43155.69,29065.52
Cali,2025-11-04,15.29,43146.74,33545.01
Cali,2025-11-05,16.56,43137.87,33013.04
Cali,2025-11-06,13.1,43129.06,24397.06
Cali,2025-11-07,17.37,43120.33,36927.2
Cali,2025-11-08,9.42,43111.69,5548.48
Cali,2025-11-09,17.52,43103.15,38888.81
Cali,2025-11-10,13.44,43094.71,25904.74
Cali,2025-11-11,17.09,43086.39,32835.29
Cali,2025-11-12,11.4,43078.2,28214.38
Cali,2025-11-13,12.26,43070.14,28391.39
Cali,2025-11-14,12.37,43062.23,30654.88
Cali,2025-11-15,15.58,43054.48,30448.99
Cali,2025-11-16,12.28,43046.89,27760.87
Cali,2025-11-17,13.16,43039.48,24207.25
Cali,2025-11-18,16.6,43032.26,28229.16
Cali,2025-11-19,15.49,43025.23,34829.0
Cali,2025-11-20,7.43,43018.4,6738.98
Cali,2025-11-21,19.4,43011.81,41634.41
Cali,2025-11-22,19.45,43005.43,40894.67
Cali,2025-11-23,12.27,42999.27,21028.95
Cali,2025-11-24,9.05,42993.26,19566.56
Cali,2025-11-25,19.12,42987.39,40937.73
Cali,2025-11-26,14.95,42981.69,36100.99
Cali,2025-11-27,6.67,42976.14,10025.61
Cali,2025-11-28,4.11,42970.76,1855.92
Cali,2025-11-29,16.76,42965.56,34156.98
Cali,2025-11-30,6.37,42960.55,2326.31
Cali,2025-12-01,16.5,42955.73,34679.33
Cali,2025-12-02,6.02,42951.1,4971.4
Cali,2025-12-03,19.35,42946.68,38981.12
Cali,2025-12-04,16.63,42942.47,33656.71
Cali,2025-12-05,13.65,42938.48,35995.28
Cali,2025-12-06,22.63,42934.72,41376.88
Cali,2025-12-07,22.05,42931.19,42508.62
Cali,2025-12-08,22.41,42927.9,42505.07
Cali,2025-12-09,22.66,42924.86,42501.79
Cali,2025-12-10,18.71,42922.08,42498.75
Cali,2025-12-11,13.06,42919.56,39454.63
Cali,2025-12-12,13.04,42917.3,28973.16
Cali,2025-12-13,17.78,42915.31,42372.1
Cali,2025-12-14,11.97,42913.57,39393.83
Cali,2025-12-15,13.46,42912.06,34551.22
Cali,2025-12-16,18.14,42910.79,37871.16
Cali,2025-12-17,15.27,42909.75,33718.75
Cali,2025-12-18,14.66,42908.96,30520.96
Cali,2025-12-19,10.75,42908.4,20666.76
Cali,2025-12-20,6.69,42908.08,3984.76
Cali,2025-12-21,16.35,42907.99,34262.15
Cali,2025-12-22,7.96,42908.15,18330.95
Cali,2025-12-23,11.6,42908.54,34794.85
Cali,2025-12-24,12.4,42909.17,25848.6
Cali,2025-12-25,7.5,42910.04,17498.57
Cali,2025-12-26,14.14,42911.14,38466.18
Cali,2025-12-27,14.42,42912.48,33938.28
Cali,2025-12-28,17.69,42914.05,39603.92
Cali,2025-12-29,18.45,42915.86,42348.46
Cali,2025-12-30,16.41,42917.9,41251.52
Cali,2025-12-31,17.83,42920.17,39076.95
Medellin,2025-01-01,11.59,42362.98,13000.07
Medellin,2025-01-02,16.12,42368.29,39750.67
Medellin,2025-01-03,14.53,42374.01,36125.76
Medellin,2025-01-04,13.82,42380.13,35131.71
Medellin,2025-01-05,15.67,42386.65,32952.29
Medellin,2025-01-06,18.37,42393.55,40226.72
Medellin,2025-01-07,18.06,42400.88,40012.15
Medellin,2025-01-08,17.49,42408.7,40799.97
Medellin,2025-01-09,15.49,42417.0,39583.64
Medellin,2025-01-10,16.84,42425.76,37798.92
Medellin,2025-01-11,19.58,42434.97,40145.95
Medellin,2025-01-12,22.33,42444.61,41648.92
Medellin,2025-01-13,22.54,42454.66,41404.29
Medellin,2025-01-14,21.78,42465.11,40662.39
Medellin,2025-01-15,22.84,42475.93,41909.24
Medellin,2025-01-16,20.79,42487.12,40919.75
Medellin,2025-01-17,18.79,42498.65,40675.67
Medellin,2025-01-18,23.68,42510.51,40926.55
Medellin,2025-01-19,20.72,42522.69,40682.26
Medellin,2025-01-20,22.43,42535.15,41671.34
Medellin,2025-01-21,23.16,42547.9,40686.92
Medellin,2025-01-22,24.72,42560.9,41849.04
Medellin,2025-01-23,25.4,42574.16,40689.58
Medellin,2025-01-24,22.04,42587.65,41417.76
Medellin,2025-01-25,20.6,42601.35,39731.23
Medellin,2025-01-26,22.35,42615.26,40933.98
Medellin,2025-01-27,20.65,42629.41,36940.75
Medellin,2025-01-28,20.3,42643.92,35441.78
Medellin,2025-01-29,19.47,42658.81,36529.16
Medellin,2025-01-30,22.98,42674.05,40196.03
Medellin,2025-01-31,22.0,42689.6,40176.07
Medellin,2025-02-01,19.81,42705.46,35834.5
Medellin,2025-02-02,17.94,42721.6,32987.21
Medellin,2025-02-03,15.76,42738.01,31787.01
Medellin,2025-02-04,17.96,42754.67,34609.66
Medellin,2025-02-05,12.85,42771.55,20045.76
Medellin,2025-02-06,15.71,42788.63,32431.41
Medellin,2025-02-07,17.38,42805.9,38333.78
Medellin,2025-02-08,13.1,42823.35,25285.95
Medellin,2025-02-09,8.71,42840.94,1230.74
Medellin,2025-02-10,13.69,42858.67,32437.04
Medellin,2025-02-11,10.47,42876.52,12613.44
Medellin,2025-02-12,15.74,42894.46,29453.1
Medellin,2025-02-13,9.05,42912.48,6773.17
Medellin,2025-02-14,16.52,42930.57,36705.51
Medellin,2025-02-15,11.97,42948.71,29284.86
Medellin,2025-02-16,14.43,42966.93,32602.09
Medellin,2025-02-17,14.97,42985.39,32901.31
Medellin,2025-02-18,14.97,43004.08,29468.78
Medellin,2025-02-19,17.62,43022.99,36472.01
Medellin,2025-02-20,16.06,43042.1,34321.85
Medellin,2025-02-21,18.06,43061.38,38193.24
Medellin,2025-02-22,17.66,43080.83,33697.79
Medellin,2025-02-23,19.18,43100.43,39750.32
Medellin,2025-02-24,17.28,43120.15,24547.97
Medellin,2025-02-25,12.29,43139.99,24000.62
Medellin,2025-02-26,16.9,43159.93,36234.09
Medellin,2025-02-27,18.7,43179.95,33249.51
Medellin,2025-02-28,15.3,43200.04,26434.35
Medellin,2025-03-01,17.91,43220.17,33842.37
Medellin,2025-03-02,16.24,43240.33,29594.78
Medellin,2025-03-03,14.49,43260.52,22838.82
Medellin,2025-03-04,14.47,43280.71,27234.56
Medellin,2025-03-05,15.2,43300.88,24921.2
Medellin,2025-03-06,16.51,43321.02,26875.57
Medellin,2025-03-07,11.1,43341.12,10567.29
Medellin,2025-03-08,21.58,43361.21,40284.17
Medellin,2025-03-09,20.33,43381.44,40551.32
Medellin,2025-03-10,22.18,43401.81,42364.53
Medellin,2025-03-11,17.42,43422.3,37357.46
Medellin,2025-03-12,18.48,43442.88,33171.67
Medellin,2025-03-13,20.98,43463.56,36339.68
Medellin,2025-03-14,17.99,43484.32,29855.46
Medellin,2025-03-15,19.54,43505.14,37235.0
Medellin,2025-03-16,17.54,43526.01,35040.39
Medellin,2025-03-17,16.06,43546.92,30256.67
Medellin,2025-03-18,16.36,43567.85,24660.1
Medellin,2025-03-19,21.84,43588.79,40804.46
Medellin,2025-03-20,20.01,43609.72,30014.99
Medellin,2025-03-21,21.02,43630.63,38414.35
Medellin,2025-03-22,24.99,43651.51,42698.69
Medellin,2025-03-23,24.72,43672.33,42436.08
Medellin,2025-03-24,24.94,43693.1,42755.67
Medellin,2025-03-25,20.13,43713.78,36795.91
Medellin,2025-03-26,19.52,43734.37,35125.49
Medellin,2025-03-27,18.24,43754.86,31353.01
Medellin,2025-03-28,11.41,43775.28,22879.43
Medellin,2025-03-29,14.03,43795.76,30223.91
Medellin,2025-03-30,13.47,43816.3,30250.17
Medellin,2025-03-31,13.15,43836.89,23986.15
Medellin,2025-04-01,16.88,43857.51,30304.86
Medellin,2025-04-02,15.7,43878.15,26174.65
Medellin,2025-04-03,17.69,43898.8,29256.36
Medellin,2025-04-04,14.99,43919.44,25346.94
Medellin,2025-04-05,14.42,43940.06,20982.51
Medellin,2025-04-06,14.27,43960.64,22385.23
Medellin,2025-04-07,19.99,43981.17,35532.82
Medellin,2025-04-08,14.08,44001.65,24164.72
Medellin,2025-04-09,16.8,44022.05,27849.61
Medellin,2025-04-10,9.13,44042.35,2031.32
Medellin,2025-04-11,11.89,44062.54,14400.0
Medellin,2025-04-12,19.56,44082.61,39600.0
Medellin,2025-04-13,24.85,44102.54,42911.05
Medellin,2025-04-14,23.55,44122.32,43200.0
Medellin,2025-04-15,25.44,44141.93,43200.0
Medellin,2025-04-16,25.38,44161.35,43200.0
Medellin,2025-04-17,22.0,44180.62,41907.91
Medellin,2025-04-18,25.09,44199.87,43200.0
Medellin,2025-04-19,19.5,44219.09,33218.33
Medellin,2025-04-20,15.19,44238.27,29664.33
Medellin,2025-04-21,12.45,44257.4,13610.12
Medellin,2025-04-22,14.85,44276.45,31075.36
Medellin,2025-04-23,18.21,44295.42,37888.77
Medellin,2025-04-24,12.16,44314.29,18233.53
Medellin,2025-04-25,14.65,44333.05,27154.75
Medellin,2025-04-26,9.33,44351.67,7794.71
Medellin,2025-04-27,16.11,44370.15,37143.82
Medellin,2025-04-28,11.65,44388.46,15949.05
Medellin,2025-04-29,13.8,44406.59,28050.0
Medellin,2025-04-30,9.29,44424.53,7063.34
Medellin,2025-05-01,8.45,44442.25,4167.02
Medellin,2025-05-02,12.34,44459.74,18431.96
Medellin,2025-05-03,8.59,44476.98,7448.07
Medellin,2025-05-04,13.64,44493.96,21962.96
Medellin,2025-05-05,8.84,44510.65,2715.3
Medellin,2025-05-06,13.08,44527.03,21443.74
Medellin,2025-05-07,9.9,44543.14,9309.67
Medellin,2025-05-08,14.68,44559.1,28612.46
Medellin,2025-05-09,20.34,44574.89,36362.44
Medellin,2025-05-10,24.13,44590.51,43200.0
Medellin,2025-05-11,25.19,44605.95,43200.0
Medellin,2025-05-12,24.48,44621.17,43200.0
Medellin,2025-05-13,18.03,44636.18,29562.72
Medellin,2025-05-14,18.77,44650.96,30107.6
Medellin,2025-05-15,14.39,44665.48,27847.41
Medellin,2025-05-16,13.7,44679.74,27017.71
Medellin,2025-05-17,11.77,44693.73,27718.58
Medellin,2025-05-18,13.9,44707.4,25310.1
Medellin,2025-05-19,14.7,44720.78,32737.43
Medellin,2025-05-20,18.57,44733.82,31664.61
Medellin,2025-05-21,18.97,44746.52,36344.16
Medellin,2025-05-22,13.18,44758.86,17802.46
Medellin,2025-05-23,23.52,44770.81,39600.0
Medellin,2025-05-24,21.0,44782.37,36681.52
Medellin,2025-05-25,25.05,44793.53,43200.0
Medellin,2025-05-26,20.06,44804.25,30299.91
Medellin,2025-05-27,12.95,44814.56,15399.32
Medellin,2025-05-28,21.03,44824.55,39639.35
Medellin,2025-05-29,23.97,44834.2,40072.08
Medellin,2025-05-30,20.35,44843.51,33128.0
Medellin,2025-05-31,19.38,44852.48,33527.33
Medellin,2025-06-01,16.89,44861.08,24222.56
Medellin,2025-06-02,18.55,44869.31,36495.67
Medellin,2025-06-03,21.22,44877.18,39600.0
Medellin,2025-06-04,20.08,44884.65,31104.94
Medellin,2025-06-05,16.05,44891.74,24048.86
Medellin,2025-06-06,19.54,44898.41,37028.98
Medellin,2025-06-07,24.83,44904.68,43200.0
Medellin,2025-06-08,24.98,44910.53,43200.0
Medellin,2025-06-09,19.53,44915.94,34440.22
Medellin,2025-06-10,16.17,44920.91,30311.37
Medellin,2025-06-11,11.38,44925.44,20425.34
Medellin,2025-06-12,15.17,44929.51,25072.35
Medellin,2025-06-13,8.25,44933.12,391.12
Medellin,2025-06-14,12.23,44936.25,25424.61
Medellin,2025-06-15,19.36,44938.9,36144.55
Medellin,2025-06-16,20.35,44941.07,32073.86
Medellin,2025-06-17,18.9,44942.78,32945.47
Medellin,2025-06-18,24.94,44944.03,43200.0
Medellin,2025-06-19,26.19,44944.81,43200.0
Medellin,2025-06-20,23.42,44945.15,40179.76
Medellin,2025-06-21,16.92,44945.03,31069.08
Medellin,2025-06-22,12.21,44944.46,17621.29
Medellin,2025-06-23,14.51,44943.45,27862.18
Medellin,2025-06-24,11.49,44941.99,16688.0
Medellin,2025-06-25,23.68,44940.09,43200.0
Medellin,2025-06-26,24.35,44937.76,43200.0
Medellin,2025-06-27,23.8,44934.99,40130.81
Medellin,2025-06-28,19.52,44931.8,35319.98
Medellin,2025-06-29,23.59,44928.17,43177.98
Medellin,2025-06-30,22.91,44924.14,41046.53
Medellin,2025-07-01,22.76,44919.68,39901.79
Medellin,2025-07-02,24.56,44914.82,43200.0
Medellin,2025-07-03,22.12,44909.54,42637.9
Medellin,2025-07-04,21.08,44903.87,39557.89
Medellin,2025-07-05,24.34,44897.79,40775.16
Medellin,2025-07-06,20.8,44891.3,42046.68
Medellin,2025-07-07,25.61,44884.34,43200.0
Medellin,2025-07-08,21.8,44876.91,42549.55
Medellin,2025-07-09,21.33,44869.03,40187.84
Medellin,2025-07-10,20.27,44860.72,40248.99
Medellin,2025-07-11,15.48,44851.99,28024.66
Medellin,2025-07-12,19.19,44842.85,35723.29
Medellin,2025-07-13,24.04,44833.31,36549.39
Medellin,2025-07-14,24.88,44823.4,40826.58
Medellin,2025-07-15,24.47,44813.12,43180.37
Medellin,2025-07-16,24.72,44802.49,43200.0
Medellin,2025-07-17,23.65,44791.52,41693.28
Medellin,2025-07-18,24.67,44780.23,43089.9
Medellin,2025-07-19,21.97,44768.62,37532.84
Medellin,2025-07-20,23.42,44756.72,37545.75
Medellin,2025-07-21,22.03,44744.53,34405.63
Medellin,2025-07-22,19.05,44732.08,29852.56
Medellin,2025-07-23,19.3,44719.36,38077.49
Medellin,2025-07-24,23.84,44706.4,43200.0
Medellin,2025-07-25,21.06,44693.21,35652.95
Medellin,2025-07-26,21.91,44679.76,42630.3
Medellin,2025-07-27,24.94,44665.94,43200.0
Medellin,2025-07-28,22.27,44651.77,37976.16
Medellin,2025-07-29,23.75,44637.26,38199.16
Medellin,2025-07-30,17.4,44622.42,29164.5
Medellin,2025-07-31,26.29,44607.29,43190.68
Medellin,2025-08-01,24.27,44591.87,43187.27
Medellin,2025-08-02,20.38,44576.19,35303.52
Medellin,2025-08-03,19.48,44560.26,35073.03
Medellin,2025-08-04,19.72,44544.09,37417.88
Medellin,2025-08-05,24.81,44527.7,43178.01
Medellin,2025-08-06,26.3,44511.12,43176.78
Medellin,2025-08-07,16.7,44494.35,38442.63
Medellin,2025-08-08,19.32,44477.41,39240.07
Medellin,2025-08-09,11.66,44460.31,14223.06
Medellin,2025-08-10,21.34,44443.08,41411.28
Medellin,2025-08-11,22.88,44425.73,41405.89
Medellin,2025-08-12,26.1,44408.27,43178.45
Medellin,2025-08-13,23.13,44390.71,43180.21
Medellin,2025-08-14,21.68,44373.08,43182.38
Medellin,2025-08-15,15.66,44355.33,26596.62
Medellin,2025-08-16,14.47,44337.34,22497.69
Medellin,2025-08-17,16.75,44319.13,31045.01
Medellin,2025-08-18,21.11,44300.71,37770.54
Medellin,2025-08-19,20.0,44282.08,38762.2
Medellin,2025-08-20,25.2,44263.29,43200.0
Medellin,2025-08-21,22.96,44244.33,43200.0
Medellin,2025-08-22,19.85,44225.22,34695.93
Medellin,2025-08-23,19.09,44205.98,30690.13
Medellin,2025-08-24,25.21,44186.63,43200.0
Medellin,2025-08-25,23.63,44167.17,43098.08
Medellin,2025-08-26,26.51,44147.63,43200.0
Medellin,2025-08-27,26.31,44128.01,43200.0
Medellin,2025-08-28,25.6,44108.34,40247.67
Medellin,2025-08-29,27.47,44088.62,43200.0
Medellin,2025-08-30,21.46,44068.88,41493.55
Medellin,2025-08-31,19.76,44049.12,34479.95
Medellin,2025-09-01,22.59,44029.35,37856.15
Medellin,2025-09-02,21.37,44009.59,41107.87
Medellin,2025-09-03,21.64,43989.85,41089.9
Medellin,2025-09-04,15.33,43970.11,24462.25
Medellin,2025-09-05,21.2,43950.22,31714.24
Medellin,2025-09-06,20.65,43930.2,40696.71
Medellin,2025-09-07,19.42,43910.07,37601.35
Medellin,2025-09-08,21.44,43889.83,39248.22
Medellin,2025-09-09,26.94,43869.5,43200.0
Medellin,2025-09-10,27.31,43849.1,43200.0
Medellin,2025-09-11,24.89,43828.63,38802.97
Medellin,2025-09-12,23.63,43808.12,42917.97
Medellin,2025-09-13,25.59,43787.56,43150.0
Medellin,2025-09-14,26.65,43766.99,43117.77
Medellin,2025-09-15,25.65,43746.41,43085.53
Medellin,2025-09-16,22.85,43725.83,36128.25
Medellin,2025-09-17,19.47,43705.27,37056.8
Medellin,2025-09-18,13.25,43684.74,23098.51
Medellin,2025-09-19,13.1,43664.25,27148.54
Medellin,2025-09-20,16.06,43643.81,22413.07
Medellin,2025-09-21,24.05,43623.44,41195.99
Medellin,2025-09-22,21.71,43603.15,42368.64
Medellin,2025-09-23,23.28,43582.96,42615.3
Medellin,2025-09-24,23.45,43562.82,41368.65
Medellin,2025-09-25,23.69,43542.6,42775.32
Medellin,2025-09-26,23.13,43522.32,39881.13
Medellin,2025-09-27,20.43,43501.98,38238.7
Medellin,2025-09-28,21.16,43481.59,36389.6
Medellin,2025-09-29,19.44,43461.19,38495.53
Medellin,2025-09-30,10.25,43440.76,11138.95
Medellin,2025-10-01,19.05,43420.34,32769.18
Medellin,2025-10-02,23.03,43399.93,39710.07
Medellin,2025-10-03,19.87,43379.55,32522.75
Medellin,2025-10-04,19.08,43359.21,31868.93
Medellin,2025-10-05,22.0,43338.93,39600.0
Medellin,2025-10-06,19.64,43318.71,28482.94
Medellin,2025-10-07,23.19,43298.58,39600.0
Medellin,2025-10-08,20.52,43278.54,31084.99
Medellin,2025-10-09,17.34,43258.62,39500.79
Medellin,2025-10-10,10.18,43238.81,8866.13
Medellin,2025-10-11,18.06,43219.15,36279.22
Medellin,2025-10-12,9.14,43199.65,6297.14
Medellin,2025-10-13,18.41,43180.31,36844.48
Medellin,2025-10-14,20.55,43161.09,38145.06
Medellin,2025-10-15,14.14,43141.87,25261.6
Medellin,2025-10-16,17.02,43122.64,31568.72
Medellin,2025-10-17,14.7,43103.41,34822.38
Medellin,2025-10-18,19.11,43084.22,36474.42
Medellin,2025-10-19,24.34,43065.06,41860.82
Medellin,2025-10-20,19.41,43045.96,39600.0
Medellin,2025-10-21,18.22,43026.94,38691.85
Medellin,2025-10-22,11.62,43008.0,17437.16
Medellin,2025-10-23,16.69,42989.17,31247.71
Medellin,2025-10-24,15.47,42970.47,31463.68
Medellin,2025-10-25,16.98,42951.9,33203.1
Medellin,2025-10-26,17.44,42933.49,34655.99
Medellin,2025-10-27,7.08,42915.25,3003.29
Medellin,2025-10-28,18.57,42897.21,36203.61
Medellin,2025-10-29,20.17,42879.37,36255.19
Medellin,2025-10-30,17.14,42861.76,36366.01
Medellin,2025-10-31,16.2,42844.4,33415.41
Medellin,2025-11-01,16.58,42827.29,35190.47
Medellin,2025-11-02,15.07,42810.47,22414.61
Medellin,2025-11-03,15.78,42793.89,30251.11
Medellin,2025-11-04,18.23,42777.41,29519.78
Medellin,2025-11-05,14.76,42761.03,30104.51
Medellin,2025-11-06,16.25,42744.77,35749.51
Medellin,2025-11-07,20.45,42728.64,39600.0
Medellin,2025-11-08,20.46,42712.67,38843.24
Medellin,2025-11-09,20.49,42696.87,38002.6
Medellin,2025-11-10,13.12,42681.26,16429.3
Medellin,2025-11-11,19.29,42665.85,38186.56
Medellin,2025-11-12,17.38,42650.67,31587.76
Medellin,2025-11-13,17.06,42635.74,32153.51
Medellin,2025-11-14,12.69,42621.07,26622.37
Medellin,2025-11-15,11.25,42606.69,23123.28
Medellin,2025-11-16,8.04,42592.6,5384.02
Medellin,2025-11-17,13.29,42578.83,26978.85
Medellin,2025-11-18,19.56,42565.41,36000.0
Medellin,2025-11-19,11.94,42552.35,24374.17
Medellin,2025-11-20,15.57,42539.66,33406.81
Medellin,2025-11-21,16.52,42527.37,38949.62
Medellin,2025-11-22,20.02,42515.51,40160.67
Medellin,2025-11-23,14.01,42504.04,28653.81
Medellin,2025-11-24,13.56,42492.84,39600.0
Medellin,2025-11-25,18.32,42481.91,39902.23
Medellin,2025-11-26,18.99,42471.27,37906.6
Medellin,2025-11-27,13.74,42460.92,27927.23
Medellin,2025-11-28,7.52,42450.89,6826.83
Medellin,2025-11-29,15.22,42441.19,32009.78
Medellin,2025-11-30,15.5,42431.83,34468.44
Medellin,2025-12-01,11.18,42422.81,22926.22
Medellin,2025-12-02,12.84,42414.17,23535.77
Medellin,2025-12-03,11.46,42405.91,24061.72
Medellin,2025-12-04,12.26,42398.04,24143.91
Medellin,2025-12-05,16.42,42390.58,36708.44
Medellin,2025-12-06,15.24,42383.55,36202.75
Medellin,2025-12-07,16.3,42376.94,38820.37
Medellin,2025-12-08,17.37,42370.8,37820.43
Medellin,2025-12-09,14.38,42365.11,37646.18
Medellin,2025-12-10,17.65,42359.9,36807.61
Medellin,2025-12-11,20.08,42355.17,37769.08
Medellin,2025-12-12,14.48,42350.96,24122.42
Medellin,2025-12-13,18.32,42347.24,37339.33
Medellin,2025-12-14,16.1,42343.96,40043.35
Medellin,2025-12-15,15.91,42341.13,36402.86
Medellin,2025-12-16,12.74,42338.75,31581.4
Medellin,2025-12-17,15.68,42336.81,30352.0
Medellin,2025-12-18,16.56,42335.32,33315.02
Medellin,2025-12-19,16.51,42334.28,37445.85
Medellin,2025-12-20,15.38,42333.67,34945.65
Medellin,2025-12-21,11.54,42333.52,33108.68
Medellin,2025-12-22,13.61,42333.81,35236.07
Medellin,2025-12-23,18.05,42334.55,40392.28
Medellin,2025-12-24,11.3,42335.73,30496.31
Medellin,2025-12-25,15.29,42337.35,34593.7
Medellin,2025-12-26,16.38,42339.41,41022.57
Medellin,2025-12-27,18.38,42341.92,41232.19
Medellin,2025-12-28,19.77,42344.86,40351.99
Medellin,2025-12-29,19.72,42348.24,41658.43
Medellin,2025-12-30,21.22,42352.06,41927.18
Medellin,2025-12-31,21.91,42356.32,41931.33
