city,year,month,population_rows,sample_rows,sampling_weight
Barranquilla,2025,1,744,20,37.2
Barranquilla,2025,2,672,20,33.6
Barranquilla,2025,3,744,20,37.2
Barranquilla,2025,4,720,20,36
Barranquilla,2025,5,744,20,37.2
Barranquilla,2025,6,720,20,36
Barranquilla,2025,7,744,20,37.2
Barranquilla,2025,8,744,20,37.2
Barranquilla,2025,9,720,20,36
Barranquilla,2025,10,744,20,37.2
Barranquilla,2025,11,720,20,36
Barranquilla,2025,12,744,20,37.2
Bogota,2025,1,744,20,37.2
Bogota,2025,2,672,20,33.6
Bogota,2025,3,744,20,37.2
Bogota,2025,4,720,20,36
Bogota,2025,5,744,20,37.2
Bogota,2025,6,720,20,36
Bogota,2025,7,744,20,37.2
Bogota,2025,8,744,20,37.2
Bogota,2025,9,720,20,36
Bogota,2025,10,744,20,37.2
Bogota,2025,11,720,20,36
Bogota,2025,12,744,20,37.2
Bucaramanga,2025,1,744,20,37.2
Bucaramanga,2025,2,672,20,33.6
Bucaramanga,2025,3,744,20,37.2
Bucaramanga,2025,4,720,20,36
Bucaramanga,2025,5,744,20,37.2
Bucaramanga,2025,6,720,20,36
Bucaramanga,2025,7,744,20,37.2
Bucaramanga,2025,8,744,20,37.2
Bucaramanga,2025,9,720,20,36
Bucaramanga,2025,10,744,20,37.2
Bucaramanga,2025,11,720,20,36
Bucaramanga,2025,12,744,20,37.2
Cali,2025,1,744,20,37.2
Cali,2025,2,672,20,33.6
Cali,2025,3,744,20,37.2
Cali,2025,4,720,20,36
Cali,2025,5,744,20,37.2
Cali,2025,6,720,20,36
Cali,2025,7,744,20,37.2
Cali,2025,8,744,20,37.2
Cali,2025,9,720,20,36
Cali,2025,10,744,20,37.2
Cali,2025,11,720,20,36
Cali,2025,12,744,20,37.2
Medellin,2025,1,744,20,37.2
Medellin,2025,2,672,20,33.6
Medellin,2025,3,744,20,37.2
Medellin,2025,4,720,20,36
Medellin,2025,5,744,20,37.2
Medellin,2025,6,720,20,36
Medellin,2025,7,744,20,37.2
Medellin,2025,8,744,20,37.2
Medellin,2025,9,720,20,36
Medellin,2025,10,744,20,37.2
Medellin,2025,11,720,20,36
Medellin,2025,12,744,20,37.2
